occurrence_ordinal	frame	after_source_ordinal	cpu	pc	opcode	start_master_cycle	refresh_delay_total_master_cycles	next_pc	delta_to_next_start	flow	branch_outcome	roles	source
# native_group_projection_sha256=c2924f951d875bf4085af0a85011a4b2949ca79dbef1b548ae14a22eaf4adba7
# native_instructions_sha256=6c519b99ae89803993233bd85f22c1b942021556ce2dbefab7c2eddb6e2a8751
# group_ordinal=1
# selection=lowest authenticated isolated 30-write S1 FM5 group with one FM5 B1 algorithm write, terminal key-on, and zero DMA stalls
0	1150	-1	2	0x72C26	0x7000	85370	882	0x72C28	28	linear	n/a	ordinary	cfSetVoice@s1.sounddriver.asm:2312-2326
1	1150	-1	2	0x72C28	0x101C	85398	882	0x72C2A	56	linear	n/a	ordinary	cfSetVoice@s1.sounddriver.asm:2312-2326
2	1150	-1	2	0x72C2A	0x1B40	85454	882	0x72C2E	84	linear	n/a	ordinary	cfSetVoice@s1.sounddriver.asm:2312-2326
3	1150	-1	2	0x72C2E	0x0815	85538	882	0x72C32	84	linear	n/a	ordinary	cfSetVoice@s1.sounddriver.asm:2312-2326
4	1150	-1	2	0x72C32	0x6600	85622	882	0x72C36	84	branch	not_taken	control_flow	cfSetVoice@s1.sounddriver.asm:2312-2326
5	1150	-1	2	0x72C36	0x226E	85706	882	0x72C3A	112	linear	n/a	ordinary	cfSetVoice@s1.sounddriver.asm:2312-2326
6	1150	-1	2	0x72C3A	0x4A2E	85818	882	0x72C3E	84	linear	n/a	ordinary	cfSetVoice@s1.sounddriver.asm:2312-2326
7	1150	-1	2	0x72C3E	0x670E	85902	882	0x72C40	56	branch	not_taken	control_flow	cfSetVoice@s1.sounddriver.asm:2312-2326
8	1150	-1	2	0x72C40	0x226D	85958	882	0x72C44	112	linear	n/a	ordinary	cfSetVoice@s1.sounddriver.asm:2312-2326
9	1150	-1	2	0x72C44	0x4A2E	86070	882	0x72C48	84	linear	n/a	ordinary	cfSetVoice@s1.sounddriver.asm:2312-2326
10	1150	-1	2	0x72C48	0x6B04	86154	882	0x72C4E	70	branch	taken	control_flow	cfSetVoice@s1.sounddriver.asm:2312-2326
11	1150	-1	2	0x72C4E	0x5340	86224	882	0x72C50	42	linear	n/a	ordinary	SetVoice@s1.sounddriver.asm:2328-2375
12	1150	-1	2	0x72C50	0x6B0A	86266	896	0x72C5C	70	branch	taken	control_flow	SetVoice@s1.sounddriver.asm:2328-2375
13	1150	-1	2	0x72C5C	0x1219	86336	896	0x72C5E	56	linear	n/a	ordinary	SetVoice@s1.sounddriver.asm:2328-2375
14	1150	-1	2	0x72C5E	0x1B41	86392	896	0x72C62	84	linear	n/a	ordinary	SetVoice@s1.sounddriver.asm:2328-2375
15	1150	-1	2	0x72C62	0x1801	86476	896	0x72C64	28	linear	n/a	ordinary	SetVoice@s1.sounddriver.asm:2328-2375
16	1150	-1	2	0x72C64	0x103C	86504	896	0x72C68	56	linear	n/a	ordinary	SetVoice@s1.sounddriver.asm:2328-2375
17	1150	-1	2	0x72C68	0x4EBA	86560	896	0x72722	126	call	target=0x72722	control_flow	SetVoice@s1.sounddriver.asm:2328-2375
18	1150	-1	2	0x72722	0x082D	86686	896	0x72728	112	linear	n/a	ordinary	WriteFMIorII@s1.sounddriver.asm:1712-1717
19	1150	-1	2	0x72728	0x6630	86798	896	0x7275A	70	branch	taken	control_flow	WriteFMIorII@s1.sounddriver.asm:1712-1717
20	1150	-1	2	0x7275A	0x142D	86868	896	0x7275E	84	linear	n/a	ordinary	WriteFMIIPart@s1.sounddriver.asm:1745-1750
21	1150	-1	2	0x7275E	0x0882	86952	896	0x72762	84	linear	n/a	ordinary	WriteFMIIPart@s1.sounddriver.asm:1745-1750
22	1150	-1	2	0x72762	0xD002	87036	896	0x72764	28	linear	n/a	ordinary	WriteFMIIPart@s1.sounddriver.asm:1745-1750
23	1150	-1	2	0x72764	0x1439	87064	896	0x7276A	119	linear	n/a	ordinary,busy_poll	WriteFMII@s1.sounddriver.asm:1752-1769
24	1150	-1	2	0x7276A	0x0802	87183	896	0x7276E	84	linear	n/a	ordinary,busy_poll	WriteFMII@s1.sounddriver.asm:1752-1769
25	1150	-1	2	0x7276E	0x66F4	87267	910	0x72770	56	branch	not_taken	control_flow	WriteFMII@s1.sounddriver.asm:1752-1769
26	1150	-1	2	0x72770	0x13C0	87323	910	0x72776	119	linear	n/a	ordinary	WriteFMII@s1.sounddriver.asm:1752-1769
27	1150	-1	2	0x72776	0x4E71	87442	910	0x72778	28	linear	n/a	ordinary	WriteFMII@s1.sounddriver.asm:1752-1769
28	1150	-1	2	0x72778	0x4E71	87470	910	0x7277A	28	linear	n/a	ordinary	WriteFMII@s1.sounddriver.asm:1752-1769
29	1150	-1	2	0x7277A	0x4E71	87498	910	0x7277C	28	linear	n/a	ordinary	WriteFMII@s1.sounddriver.asm:1752-1769
30	1150	-1	2	0x7277C	0x1439	87526	910	0x72782	119	linear	n/a	ordinary,busy_poll	WriteFMII@s1.sounddriver.asm:1752-1769
31	1150	-1	2	0x72782	0x0802	87645	910	0x72786	70	linear	n/a	ordinary,busy_poll	WriteFMII@s1.sounddriver.asm:1752-1769
32	1150	-1	2	0x72786	0x66F4	87715	910	0x72788	56	branch	not_taken	control_flow,busy_poll	WriteFMII@s1.sounddriver.asm:1752-1769
33	1150	-1	2	0x72788	0x13C1	87771	910	0x7278E	119	linear	n/a	ordinary,ym_write	WriteFMII@s1.sounddriver.asm:1752-1769
34	1150	0	2	0x7278E	0x4E75	87890	910	0x72C6C	112	return	target=0x72C6C	control_flow	WriteFMII@s1.sounddriver.asm:1752-1769
35	1150	0	2	0x72C6C	0x45FA	88002	910	0x72C70	56	linear	n/a	ordinary	SetVoice@s1.sounddriver.asm:2328-2375
36	1150	0	2	0x72C70	0x7613	88058	910	0x72C72	28	linear	n/a	ordinary	SetVoice@s1.sounddriver.asm:2328-2375
37	1150	0	2	0x72C72	0x101A	88086	910	0x72C74	70	linear	n/a	ordinary	SetVoice@s1.sounddriver.asm:2328-2375
38	1150	0	2	0x72C74	0x1219	88156	924	0x72C76	56	linear	n/a	ordinary	SetVoice@s1.sounddriver.asm:2328-2375
39	1150	0	2	0x72C76	0x4EBA	88212	924	0x72722	126	call	target=0x72722	control_flow	SetVoice@s1.sounddriver.asm:2328-2375
40	1150	0	2	0x72722	0x082D	88338	924	0x72728	112	linear	n/a	ordinary	WriteFMIorII@s1.sounddriver.asm:1712-1717
41	1150	0	2	0x72728	0x6630	88450	924	0x7275A	70	branch	taken	control_flow	WriteFMIorII@s1.sounddriver.asm:1712-1717
42	1150	0	2	0x7275A	0x142D	88520	924	0x7275E	84	linear	n/a	ordinary	WriteFMIIPart@s1.sounddriver.asm:1745-1750
43	1150	0	2	0x7275E	0x0882	88604	924	0x72762	84	linear	n/a	ordinary	WriteFMIIPart@s1.sounddriver.asm:1745-1750
44	1150	0	2	0x72762	0xD002	88688	924	0x72764	28	linear	n/a	ordinary	WriteFMIIPart@s1.sounddriver.asm:1745-1750
45	1150	0	2	0x72764	0x1439	88716	924	0x7276A	119	linear	n/a	ordinary,busy_poll	WriteFMII@s1.sounddriver.asm:1752-1769
46	1150	0	2	0x7276A	0x0802	88835	924	0x7276E	70	linear	n/a	ordinary,busy_poll	WriteFMII@s1.sounddriver.asm:1752-1769
47	1150	0	2	0x7276E	0x66F4	88905	924	0x72764	70	branch	taken	control_flow	WriteFMII@s1.sounddriver.asm:1752-1769
48	1150	0	2	0x72764	0x1439	88975	924	0x7276A	119	linear	n/a	ordinary,busy_poll	WriteFMII@s1.sounddriver.asm:1752-1769
49	1150	0	2	0x7276A	0x0802	89094	924	0x7276E	84	linear	n/a	ordinary,busy_poll	WriteFMII@s1.sounddriver.asm:1752-1769
50	1150	0	2	0x7276E	0x66F4	89178	938	0x72764	70	branch	taken	control_flow	WriteFMII@s1.sounddriver.asm:1752-1769
51	1150	0	2	0x72764	0x1439	89248	938	0x7276A	119	linear	n/a	ordinary,busy_poll	WriteFMII@s1.sounddriver.asm:1752-1769
52	1150	0	2	0x7276A	0x0802	89367	938	0x7276E	70	linear	n/a	ordinary,busy_poll	WriteFMII@s1.sounddriver.asm:1752-1769
53	1150	0	2	0x7276E	0x66F4	89437	938	0x72770	56	branch	not_taken	control_flow	WriteFMII@s1.sounddriver.asm:1752-1769
54	1150	0	2	0x72770	0x13C0	89493	938	0x72776	119	linear	n/a	ordinary	WriteFMII@s1.sounddriver.asm:1752-1769
55	1150	0	2	0x72776	0x4E71	89612	938	0x72778	28	linear	n/a	ordinary	WriteFMII@s1.sounddriver.asm:1752-1769
56	1150	0	2	0x72778	0x4E71	89640	938	0x7277A	28	linear	n/a	ordinary	WriteFMII@s1.sounddriver.asm:1752-1769
57	1150	0	2	0x7277A	0x4E71	89668	938	0x7277C	28	linear	n/a	ordinary	WriteFMII@s1.sounddriver.asm:1752-1769
58	1150	0	2	0x7277C	0x1439	89696	938	0x72782	119	linear	n/a	ordinary,busy_poll	WriteFMII@s1.sounddriver.asm:1752-1769
59	1150	0	2	0x72782	0x0802	89815	938	0x72786	70	linear	n/a	ordinary,busy_poll	WriteFMII@s1.sounddriver.asm:1752-1769
60	1150	0	2	0x72786	0x66F4	89885	938	0x72788	56	branch	not_taken	control_flow,busy_poll	WriteFMII@s1.sounddriver.asm:1752-1769
61	1150	0	2	0x72788	0x13C1	89941	938	0x7278E	119	linear	n/a	ordinary,ym_write	WriteFMII@s1.sounddriver.asm:1752-1769
62	1150	1	2	0x7278E	0x4E75	90060	938	0x72C7A	126	return	target=0x72C7A	control_flow	WriteFMII@s1.sounddriver.asm:1752-1769
63	1150	1	2	0x72C7A	0x51CB	90186	952	0x72C72	70	branch	taken	control_flow	SetVoice@s1.sounddriver.asm:2328-2375
64	1150	1	2	0x72C72	0x101A	90256	952	0x72C74	56	linear	n/a	ordinary	SetVoice@s1.sounddriver.asm:2328-2375
65	1150	1	2	0x72C74	0x1219	90312	952	0x72C76	56	linear	n/a	ordinary	SetVoice@s1.sounddriver.asm:2328-2375
66	1150	1	2	0x72C76	0x4EBA	90368	952	0x72722	126	call	target=0x72722	control_flow	SetVoice@s1.sounddriver.asm:2328-2375
67	1150	1	2	0x72722	0x082D	90494	952	0x72728	112	linear	n/a	ordinary	WriteFMIorII@s1.sounddriver.asm:1712-1717
68	1150	1	2	0x72728	0x6630	90606	952	0x7275A	70	branch	taken	control_flow	WriteFMIorII@s1.sounddriver.asm:1712-1717
69	1150	1	2	0x7275A	0x142D	90676	952	0x7275E	84	linear	n/a	ordinary	WriteFMIIPart@s1.sounddriver.asm:1745-1750
70	1150	1	2	0x7275E	0x0882	90760	952	0x72762	84	linear	n/a	ordinary	WriteFMIIPart@s1.sounddriver.asm:1745-1750
71	1150	1	2	0x72762	0xD002	90844	952	0x72764	28	linear	n/a	ordinary	WriteFMIIPart@s1.sounddriver.asm:1745-1750
72	1150	1	2	0x72764	0x1439	90872	952	0x7276A	119	linear	n/a	ordinary,busy_poll	WriteFMII@s1.sounddriver.asm:1752-1769
73	1150	1	2	0x7276A	0x0802	90991	952	0x7276E	84	linear	n/a	ordinary,busy_poll	WriteFMII@s1.sounddriver.asm:1752-1769
74	1150	1	2	0x7276E	0x66F4	91075	966	0x72764	70	branch	taken	control_flow	WriteFMII@s1.sounddriver.asm:1752-1769
75	1150	1	2	0x72764	0x1439	91145	966	0x7276A	119	linear	n/a	ordinary,busy_poll	WriteFMII@s1.sounddriver.asm:1752-1769
76	1150	1	2	0x7276A	0x0802	91264	966	0x7276E	70	linear	n/a	ordinary,busy_poll	WriteFMII@s1.sounddriver.asm:1752-1769
77	1150	1	2	0x7276E	0x66F4	91334	966	0x72764	70	branch	taken	control_flow	WriteFMII@s1.sounddriver.asm:1752-1769
78	1150	1	2	0x72764	0x1439	91404	966	0x7276A	119	linear	n/a	ordinary,busy_poll	WriteFMII@s1.sounddriver.asm:1752-1769
79	1150	1	2	0x7276A	0x0802	91523	966	0x7276E	70	linear	n/a	ordinary,busy_poll	WriteFMII@s1.sounddriver.asm:1752-1769
80	1150	1	2	0x7276E	0x66F4	91593	966	0x72770	56	branch	not_taken	control_flow	WriteFMII@s1.sounddriver.asm:1752-1769
81	1150	1	2	0x72770	0x13C0	91649	966	0x72776	119	linear	n/a	ordinary	WriteFMII@s1.sounddriver.asm:1752-1769
82	1150	1	2	0x72776	0x4E71	91768	966	0x72778	28	linear	n/a	ordinary	WriteFMII@s1.sounddriver.asm:1752-1769
83	1150	1	2	0x72778	0x4E71	91796	966	0x7277A	28	linear	n/a	ordinary	WriteFMII@s1.sounddriver.asm:1752-1769
84	1150	1	2	0x7277A	0x4E71	91824	966	0x7277C	28	linear	n/a	ordinary	WriteFMII@s1.sounddriver.asm:1752-1769
85	1150	1	2	0x7277C	0x1439	91852	966	0x72782	119	linear	n/a	ordinary,busy_poll	WriteFMII@s1.sounddriver.asm:1752-1769
86	1150	1	2	0x72782	0x0802	91971	966	0x72786	84	linear	n/a	ordinary,busy_poll	WriteFMII@s1.sounddriver.asm:1752-1769
87	1150	1	2	0x72786	0x66F4	92055	980	0x72788	56	branch	not_taken	control_flow,busy_poll	WriteFMII@s1.sounddriver.asm:1752-1769
88	1150	1	2	0x72788	0x13C1	92111	980	0x7278E	119	linear	n/a	ordinary,ym_write	WriteFMII@s1.sounddriver.asm:1752-1769
89	1150	2	2	0x7278E	0x4E75	92230	980	0x72C7A	112	return	target=0x72C7A	control_flow	WriteFMII@s1.sounddriver.asm:1752-1769
90	1150	2	2	0x72C7A	0x51CB	92342	980	0x72C72	70	branch	taken	control_flow	SetVoice@s1.sounddriver.asm:2328-2375
91	1150	2	2	0x72C72	0x101A	92412	980	0x72C74	56	linear	n/a	ordinary	SetVoice@s1.sounddriver.asm:2328-2375
92	1150	2	2	0x72C74	0x1219	92468	980	0x72C76	56	linear	n/a	ordinary	SetVoice@s1.sounddriver.asm:2328-2375
93	1150	2	2	0x72C76	0x4EBA	92524	980	0x72722	126	call	target=0x72722	control_flow	SetVoice@s1.sounddriver.asm:2328-2375
94	1150	2	2	0x72722	0x082D	92650	980	0x72728	112	linear	n/a	ordinary	WriteFMIorII@s1.sounddriver.asm:1712-1717
95	1150	2	2	0x72728	0x6630	92762	980	0x7275A	70	branch	taken	control_flow	WriteFMIorII@s1.sounddriver.asm:1712-1717
96	1150	2	2	0x7275A	0x142D	92832	980	0x7275E	84	linear	n/a	ordinary	WriteFMIIPart@s1.sounddriver.asm:1745-1750
97	1150	2	2	0x7275E	0x0882	92916	980	0x72762	98	linear	n/a	ordinary	WriteFMIIPart@s1.sounddriver.asm:1745-1750
98	1150	2	2	0x72762	0xD002	93014	994	0x72764	28	linear	n/a	ordinary	WriteFMIIPart@s1.sounddriver.asm:1745-1750
99	1150	2	2	0x72764	0x1439	93042	994	0x7276A	119	linear	n/a	ordinary,busy_poll	WriteFMII@s1.sounddriver.asm:1752-1769
100	1150	2	2	0x7276A	0x0802	93161	994	0x7276E	70	linear	n/a	ordinary,busy_poll	WriteFMII@s1.sounddriver.asm:1752-1769
101	1150	2	2	0x7276E	0x66F4	93231	994	0x72764	70	branch	taken	control_flow	WriteFMII@s1.sounddriver.asm:1752-1769
102	1150	2	2	0x72764	0x1439	93301	994	0x7276A	119	linear	n/a	ordinary,busy_poll	WriteFMII@s1.sounddriver.asm:1752-1769
103	1150	2	2	0x7276A	0x0802	93420	994	0x7276E	70	linear	n/a	ordinary,busy_poll	WriteFMII@s1.sounddriver.asm:1752-1769
104	1150	2	2	0x7276E	0x66F4	93490	994	0x72764	70	branch	taken	control_flow	WriteFMII@s1.sounddriver.asm:1752-1769
105	1150	2	2	0x72764	0x1439	93560	994	0x7276A	119	linear	n/a	ordinary,busy_poll	WriteFMII@s1.sounddriver.asm:1752-1769
106	1150	2	2	0x7276A	0x0802	93679	994	0x7276E	70	linear	n/a	ordinary,busy_poll	WriteFMII@s1.sounddriver.asm:1752-1769
107	1150	2	2	0x7276E	0x66F4	93749	994	0x72770	56	branch	not_taken	control_flow	WriteFMII@s1.sounddriver.asm:1752-1769
108	1150	2	2	0x72770	0x13C0	93805	994	0x72776	119	linear	n/a	ordinary	WriteFMII@s1.sounddriver.asm:1752-1769
109	1150	2	2	0x72776	0x4E71	93924	994	0x72778	42	linear	n/a	ordinary	WriteFMII@s1.sounddriver.asm:1752-1769
110	1150	2	2	0x72778	0x4E71	93966	1008	0x7277A	28	linear	n/a	ordinary	WriteFMII@s1.sounddriver.asm:1752-1769
111	1150	2	2	0x7277A	0x4E71	93994	1008	0x7277C	28	linear	n/a	ordinary	WriteFMII@s1.sounddriver.asm:1752-1769
112	1150	2	2	0x7277C	0x1439	94022	1008	0x72782	119	linear	n/a	ordinary,busy_poll	WriteFMII@s1.sounddriver.asm:1752-1769
113	1150	2	2	0x72782	0x0802	94141	1008	0x72786	70	linear	n/a	ordinary,busy_poll	WriteFMII@s1.sounddriver.asm:1752-1769
114	1150	2	2	0x72786	0x66F4	94211	1008	0x72788	56	branch	not_taken	control_flow,busy_poll	WriteFMII@s1.sounddriver.asm:1752-1769
115	1150	2	2	0x72788	0x13C1	94267	1008	0x7278E	119	linear	n/a	ordinary,ym_write	WriteFMII@s1.sounddriver.asm:1752-1769
116	1150	3	2	0x7278E	0x4E75	94386	1008	0x72C7A	112	return	target=0x72C7A	control_flow	WriteFMII@s1.sounddriver.asm:1752-1769
117	1150	3	2	0x72C7A	0x51CB	94498	1008	0x72C72	70	branch	taken	control_flow	SetVoice@s1.sounddriver.asm:2328-2375
118	1150	3	2	0x72C72	0x101A	94568	1008	0x72C74	56	linear	n/a	ordinary	SetVoice@s1.sounddriver.asm:2328-2375
119	1150	3	2	0x72C74	0x1219	94624	1008	0x72C76	56	linear	n/a	ordinary	SetVoice@s1.sounddriver.asm:2328-2375
120	1150	3	2	0x72C76	0x4EBA	94680	1008	0x72722	126	call	target=0x72722	control_flow	SetVoice@s1.sounddriver.asm:2328-2375
121	1150	3	2	0x72722	0x082D	94806	1008	0x72728	112	linear	n/a	ordinary	WriteFMIorII@s1.sounddriver.asm:1712-1717
122	1150	3	2	0x72728	0x6630	94918	1008	0x7275A	84	branch	taken	control_flow	WriteFMIorII@s1.sounddriver.asm:1712-1717
123	1150	3	2	0x7275A	0x142D	95002	1022	0x7275E	84	linear	n/a	ordinary	WriteFMIIPart@s1.sounddriver.asm:1745-1750
124	1150	3	2	0x7275E	0x0882	95086	1022	0x72762	84	linear	n/a	ordinary	WriteFMIIPart@s1.sounddriver.asm:1745-1750
125	1150	3	2	0x72762	0xD002	95170	1022	0x72764	28	linear	n/a	ordinary	WriteFMIIPart@s1.sounddriver.asm:1745-1750
126	1150	3	2	0x72764	0x1439	95198	1022	0x7276A	119	linear	n/a	ordinary,busy_poll	WriteFMII@s1.sounddriver.asm:1752-1769
127	1150	3	2	0x7276A	0x0802	95317	1022	0x7276E	70	linear	n/a	ordinary,busy_poll	WriteFMII@s1.sounddriver.asm:1752-1769
128	1150	3	2	0x7276E	0x66F4	95387	1022	0x72764	70	branch	taken	control_flow	WriteFMII@s1.sounddriver.asm:1752-1769
129	1150	3	2	0x72764	0x1439	95457	1022	0x7276A	119	linear	n/a	ordinary,busy_poll	WriteFMII@s1.sounddriver.asm:1752-1769
130	1150	3	2	0x7276A	0x0802	95576	1022	0x7276E	70	linear	n/a	ordinary,busy_poll	WriteFMII@s1.sounddriver.asm:1752-1769
131	1150	3	2	0x7276E	0x66F4	95646	1022	0x72764	70	branch	taken	control_flow	WriteFMII@s1.sounddriver.asm:1752-1769
132	1150	3	2	0x72764	0x1439	95716	1022	0x7276A	119	linear	n/a	ordinary,busy_poll	WriteFMII@s1.sounddriver.asm:1752-1769
133	1150	3	2	0x7276A	0x0802	95835	1022	0x7276E	84	linear	n/a	ordinary,busy_poll	WriteFMII@s1.sounddriver.asm:1752-1769
134	1150	3	2	0x7276E	0x66F4	95919	1036	0x72770	56	branch	not_taken	control_flow	WriteFMII@s1.sounddriver.asm:1752-1769
135	1150	3	2	0x72770	0x13C0	95975	1036	0x72776	119	linear	n/a	ordinary	WriteFMII@s1.sounddriver.asm:1752-1769
136	1150	3	2	0x72776	0x4E71	96094	1036	0x72778	28	linear	n/a	ordinary	WriteFMII@s1.sounddriver.asm:1752-1769
137	1150	3	2	0x72778	0x4E71	96122	1036	0x7277A	28	linear	n/a	ordinary	WriteFMII@s1.sounddriver.asm:1752-1769
138	1150	3	2	0x7277A	0x4E71	96150	1036	0x7277C	28	linear	n/a	ordinary	WriteFMII@s1.sounddriver.asm:1752-1769
139	1150	3	2	0x7277C	0x1439	96178	1036	0x72782	119	linear	n/a	ordinary,busy_poll	WriteFMII@s1.sounddriver.asm:1752-1769
140	1150	3	2	0x72782	0x0802	96297	1036	0x72786	70	linear	n/a	ordinary,busy_poll	WriteFMII@s1.sounddriver.asm:1752-1769
141	1150	3	2	0x72786	0x66F4	96367	1036	0x72788	56	branch	not_taken	control_flow,busy_poll	WriteFMII@s1.sounddriver.asm:1752-1769
142	1150	3	2	0x72788	0x13C1	96423	1036	0x7278E	119	linear	n/a	ordinary,ym_write	WriteFMII@s1.sounddriver.asm:1752-1769
143	1150	4	2	0x7278E	0x4E75	96542	1036	0x72C7A	112	return	target=0x72C7A	control_flow	WriteFMII@s1.sounddriver.asm:1752-1769
144	1150	4	2	0x72C7A	0x51CB	96654	1036	0x72C72	70	branch	taken	control_flow	SetVoice@s1.sounddriver.asm:2328-2375
145	1150	4	2	0x72C72	0x101A	96724	1036	0x72C74	56	linear	n/a	ordinary	SetVoice@s1.sounddriver.asm:2328-2375
146	1150	4	2	0x72C74	0x1219	96780	1036	0x72C76	70	linear	n/a	ordinary	SetVoice@s1.sounddriver.asm:2328-2375
147	1150	4	2	0x72C76	0x4EBA	96850	1050	0x72722	126	call	target=0x72722	control_flow	SetVoice@s1.sounddriver.asm:2328-2375
148	1150	4	2	0x72722	0x082D	96976	1050	0x72728	112	linear	n/a	ordinary	WriteFMIorII@s1.sounddriver.asm:1712-1717
149	1150	4	2	0x72728	0x6630	97088	1050	0x7275A	70	branch	taken	control_flow	WriteFMIorII@s1.sounddriver.asm:1712-1717
150	1150	4	2	0x7275A	0x142D	97158	1050	0x7275E	84	linear	n/a	ordinary	WriteFMIIPart@s1.sounddriver.asm:1745-1750
151	1150	4	2	0x7275E	0x0882	97242	1050	0x72762	84	linear	n/a	ordinary	WriteFMIIPart@s1.sounddriver.asm:1745-1750
152	1150	4	2	0x72762	0xD002	97326	1050	0x72764	28	linear	n/a	ordinary	WriteFMIIPart@s1.sounddriver.asm:1745-1750
153	1150	4	2	0x72764	0x1439	97354	1050	0x7276A	119	linear	n/a	ordinary,busy_poll	WriteFMII@s1.sounddriver.asm:1752-1769
154	1150	4	2	0x7276A	0x0802	97473	1050	0x7276E	70	linear	n/a	ordinary,busy_poll	WriteFMII@s1.sounddriver.asm:1752-1769
155	1150	4	2	0x7276E	0x66F4	97543	1050	0x72764	70	branch	taken	control_flow	WriteFMII@s1.sounddriver.asm:1752-1769
156	1150	4	2	0x72764	0x1439	97613	1050	0x7276A	119	linear	n/a	ordinary,busy_poll	WriteFMII@s1.sounddriver.asm:1752-1769
157	1150	4	2	0x7276A	0x0802	97732	1050	0x7276E	84	linear	n/a	ordinary,busy_poll	WriteFMII@s1.sounddriver.asm:1752-1769
158	1150	4	2	0x7276E	0x66F4	97816	1064	0x72764	70	branch	taken	control_flow	WriteFMII@s1.sounddriver.asm:1752-1769
159	1150	4	2	0x72764	0x1439	97886	1064	0x7276A	119	linear	n/a	ordinary,busy_poll	WriteFMII@s1.sounddriver.asm:1752-1769
160	1150	4	2	0x7276A	0x0802	98005	1064	0x7276E	70	linear	n/a	ordinary,busy_poll	WriteFMII@s1.sounddriver.asm:1752-1769
161	1150	4	2	0x7276E	0x66F4	98075	1064	0x72770	56	branch	not_taken	control_flow	WriteFMII@s1.sounddriver.asm:1752-1769
162	1150	4	2	0x72770	0x13C0	98131	1064	0x72776	119	linear	n/a	ordinary	WriteFMII@s1.sounddriver.asm:1752-1769
163	1150	4	2	0x72776	0x4E71	98250	1064	0x72778	28	linear	n/a	ordinary	WriteFMII@s1.sounddriver.asm:1752-1769
164	1150	4	2	0x72778	0x4E71	98278	1064	0x7277A	28	linear	n/a	ordinary	WriteFMII@s1.sounddriver.asm:1752-1769
165	1150	4	2	0x7277A	0x4E71	98306	1064	0x7277C	28	linear	n/a	ordinary	WriteFMII@s1.sounddriver.asm:1752-1769
166	1150	4	2	0x7277C	0x1439	98334	1064	0x72782	119	linear	n/a	ordinary,busy_poll	WriteFMII@s1.sounddriver.asm:1752-1769
167	1150	4	2	0x72782	0x0802	98453	1064	0x72786	70	linear	n/a	ordinary,busy_poll	WriteFMII@s1.sounddriver.asm:1752-1769
168	1150	4	2	0x72786	0x66F4	98523	1064	0x72788	56	branch	not_taken	control_flow,busy_poll	WriteFMII@s1.sounddriver.asm:1752-1769
169	1150	4	2	0x72788	0x13C1	98579	1064	0x7278E	119	linear	n/a	ordinary,ym_write	WriteFMII@s1.sounddriver.asm:1752-1769
170	1150	5	2	0x7278E	0x4E75	98698	1064	0x72C7A	126	return	target=0x72C7A	control_flow	WriteFMII@s1.sounddriver.asm:1752-1769
171	1150	5	2	0x72C7A	0x51CB	98824	1078	0x72C72	70	branch	taken	control_flow	SetVoice@s1.sounddriver.asm:2328-2375
172	1150	5	2	0x72C72	0x101A	98894	1078	0x72C74	56	linear	n/a	ordinary	SetVoice@s1.sounddriver.asm:2328-2375
173	1150	5	2	0x72C74	0x1219	98950	1078	0x72C76	56	linear	n/a	ordinary	SetVoice@s1.sounddriver.asm:2328-2375
174	1150	5	2	0x72C76	0x4EBA	99006	1078	0x72722	126	call	target=0x72722	control_flow	SetVoice@s1.sounddriver.asm:2328-2375
175	1150	5	2	0x72722	0x082D	99132	1078	0x72728	112	linear	n/a	ordinary	WriteFMIorII@s1.sounddriver.asm:1712-1717
176	1150	5	2	0x72728	0x6630	99244	1078	0x7275A	70	branch	taken	control_flow	WriteFMIorII@s1.sounddriver.asm:1712-1717
177	1150	5	2	0x7275A	0x142D	99314	1078	0x7275E	84	linear	n/a	ordinary	WriteFMIIPart@s1.sounddriver.asm:1745-1750
178	1150	5	2	0x7275E	0x0882	99398	1078	0x72762	84	linear	n/a	ordinary	WriteFMIIPart@s1.sounddriver.asm:1745-1750
179	1150	5	2	0x72762	0xD002	99482	1078	0x72764	28	linear	n/a	ordinary	WriteFMIIPart@s1.sounddriver.asm:1745-1750
180	1150	5	2	0x72764	0x1439	99510	1078	0x7276A	119	linear	n/a	ordinary,busy_poll	WriteFMII@s1.sounddriver.asm:1752-1769
181	1150	5	2	0x7276A	0x0802	99629	1078	0x7276E	84	linear	n/a	ordinary,busy_poll	WriteFMII@s1.sounddriver.asm:1752-1769
182	1150	5	2	0x7276E	0x66F4	99713	1092	0x72764	70	branch	taken	control_flow	WriteFMII@s1.sounddriver.asm:1752-1769
183	1150	5	2	0x72764	0x1439	99783	1092	0x7276A	119	linear	n/a	ordinary,busy_poll	WriteFMII@s1.sounddriver.asm:1752-1769
184	1150	5	2	0x7276A	0x0802	99902	1092	0x7276E	70	linear	n/a	ordinary,busy_poll	WriteFMII@s1.sounddriver.asm:1752-1769
185	1150	5	2	0x7276E	0x66F4	99972	1092	0x72764	70	branch	taken	control_flow	WriteFMII@s1.sounddriver.asm:1752-1769
186	1150	5	2	0x72764	0x1439	100042	1092	0x7276A	119	linear	n/a	ordinary,busy_poll	WriteFMII@s1.sounddriver.asm:1752-1769
187	1150	5	2	0x7276A	0x0802	100161	1092	0x7276E	70	linear	n/a	ordinary,busy_poll	WriteFMII@s1.sounddriver.asm:1752-1769
188	1150	5	2	0x7276E	0x66F4	100231	1092	0x72770	56	branch	not_taken	control_flow	WriteFMII@s1.sounddriver.asm:1752-1769
189	1150	5	2	0x72770	0x13C0	100287	1092	0x72776	119	linear	n/a	ordinary	WriteFMII@s1.sounddriver.asm:1752-1769
190	1150	5	2	0x72776	0x4E71	100406	1092	0x72778	28	linear	n/a	ordinary	WriteFMII@s1.sounddriver.asm:1752-1769
191	1150	5	2	0x72778	0x4E71	100434	1092	0x7277A	28	linear	n/a	ordinary	WriteFMII@s1.sounddriver.asm:1752-1769
192	1150	5	2	0x7277A	0x4E71	100462	1092	0x7277C	28	linear	n/a	ordinary	WriteFMII@s1.sounddriver.asm:1752-1769
193	1150	5	2	0x7277C	0x1439	100490	1092	0x72782	119	linear	n/a	ordinary,busy_poll	WriteFMII@s1.sounddriver.asm:1752-1769
194	1150	5	2	0x72782	0x0802	100609	1092	0x72786	84	linear	n/a	ordinary,busy_poll	WriteFMII@s1.sounddriver.asm:1752-1769
195	1150	5	2	0x72786	0x66F4	100693	1106	0x72788	56	branch	not_taken	control_flow,busy_poll	WriteFMII@s1.sounddriver.asm:1752-1769
196	1150	5	2	0x72788	0x13C1	100749	1106	0x7278E	119	linear	n/a	ordinary,ym_write	WriteFMII@s1.sounddriver.asm:1752-1769
197	1150	6	2	0x7278E	0x4E75	100868	1106	0x72C7A	112	return	target=0x72C7A	control_flow	WriteFMII@s1.sounddriver.asm:1752-1769
198	1150	6	2	0x72C7A	0x51CB	100980	1106	0x72C72	70	branch	taken	control_flow	SetVoice@s1.sounddriver.asm:2328-2375
199	1150	6	2	0x72C72	0x101A	101050	1106	0x72C74	56	linear	n/a	ordinary	SetVoice@s1.sounddriver.asm:2328-2375
200	1150	6	2	0x72C74	0x1219	101106	1106	0x72C76	56	linear	n/a	ordinary	SetVoice@s1.sounddriver.asm:2328-2375
201	1150	6	2	0x72C76	0x4EBA	101162	1106	0x72722	126	call	target=0x72722	control_flow	SetVoice@s1.sounddriver.asm:2328-2375
202	1150	6	2	0x72722	0x082D	101288	1106	0x72728	112	linear	n/a	ordinary	WriteFMIorII@s1.sounddriver.asm:1712-1717
203	1150	6	2	0x72728	0x6630	101400	1106	0x7275A	70	branch	taken	control_flow	WriteFMIorII@s1.sounddriver.asm:1712-1717
204	1150	6	2	0x7275A	0x142D	101470	1106	0x7275E	84	linear	n/a	ordinary	WriteFMIIPart@s1.sounddriver.asm:1745-1750
205	1150	6	2	0x7275E	0x0882	101554	1106	0x72762	98	linear	n/a	ordinary	WriteFMIIPart@s1.sounddriver.asm:1745-1750
206	1150	6	2	0x72762	0xD002	101652	1120	0x72764	28	linear	n/a	ordinary	WriteFMIIPart@s1.sounddriver.asm:1745-1750
207	1150	6	2	0x72764	0x1439	101680	1120	0x7276A	119	linear	n/a	ordinary,busy_poll	WriteFMII@s1.sounddriver.asm:1752-1769
208	1150	6	2	0x7276A	0x0802	101799	1120	0x7276E	70	linear	n/a	ordinary,busy_poll	WriteFMII@s1.sounddriver.asm:1752-1769
209	1150	6	2	0x7276E	0x66F4	101869	1120	0x72764	70	branch	taken	control_flow	WriteFMII@s1.sounddriver.asm:1752-1769
210	1150	6	2	0x72764	0x1439	101939	1120	0x7276A	119	linear	n/a	ordinary,busy_poll	WriteFMII@s1.sounddriver.asm:1752-1769
211	1150	6	2	0x7276A	0x0802	102058	1120	0x7276E	70	linear	n/a	ordinary,busy_poll	WriteFMII@s1.sounddriver.asm:1752-1769
212	1150	6	2	0x7276E	0x66F4	102128	1120	0x72764	70	branch	taken	control_flow	WriteFMII@s1.sounddriver.asm:1752-1769
213	1150	6	2	0x72764	0x1439	102198	1120	0x7276A	119	linear	n/a	ordinary,busy_poll	WriteFMII@s1.sounddriver.asm:1752-1769
214	1150	6	2	0x7276A	0x0802	102317	1120	0x7276E	70	linear	n/a	ordinary,busy_poll	WriteFMII@s1.sounddriver.asm:1752-1769
215	1150	6	2	0x7276E	0x66F4	102387	1120	0x72770	56	branch	not_taken	control_flow	WriteFMII@s1.sounddriver.asm:1752-1769
216	1150	6	2	0x72770	0x13C0	102443	1120	0x72776	119	linear	n/a	ordinary	WriteFMII@s1.sounddriver.asm:1752-1769
217	1150	6	2	0x72776	0x4E71	102562	1120	0x72778	42	linear	n/a	ordinary	WriteFMII@s1.sounddriver.asm:1752-1769
218	1150	6	2	0x72778	0x4E71	102604	1134	0x7277A	28	linear	n/a	ordinary	WriteFMII@s1.sounddriver.asm:1752-1769
219	1150	6	2	0x7277A	0x4E71	102632	1134	0x7277C	28	linear	n/a	ordinary	WriteFMII@s1.sounddriver.asm:1752-1769
220	1150	6	2	0x7277C	0x1439	102660	1134	0x72782	119	linear	n/a	ordinary,busy_poll	WriteFMII@s1.sounddriver.asm:1752-1769
221	1150	6	2	0x72782	0x0802	102779	1134	0x72786	70	linear	n/a	ordinary,busy_poll	WriteFMII@s1.sounddriver.asm:1752-1769
222	1150	6	2	0x72786	0x66F4	102849	1134	0x72788	56	branch	not_taken	control_flow,busy_poll	WriteFMII@s1.sounddriver.asm:1752-1769
223	1150	6	2	0x72788	0x13C1	102905	1134	0x7278E	119	linear	n/a	ordinary,ym_write	WriteFMII@s1.sounddriver.asm:1752-1769
224	1150	7	2	0x7278E	0x4E75	103024	1134	0x72C7A	112	return	target=0x72C7A	control_flow	WriteFMII@s1.sounddriver.asm:1752-1769
225	1150	7	2	0x72C7A	0x51CB	103136	1134	0x72C72	70	branch	taken	control_flow	SetVoice@s1.sounddriver.asm:2328-2375
226	1150	7	2	0x72C72	0x101A	103206	1134	0x72C74	56	linear	n/a	ordinary	SetVoice@s1.sounddriver.asm:2328-2375
227	1150	7	2	0x72C74	0x1219	103262	1134	0x72C76	56	linear	n/a	ordinary	SetVoice@s1.sounddriver.asm:2328-2375
228	1150	7	2	0x72C76	0x4EBA	103318	1134	0x72722	126	call	target=0x72722	control_flow	SetVoice@s1.sounddriver.asm:2328-2375
229	1150	7	2	0x72722	0x082D	103444	1134	0x72728	112	linear	n/a	ordinary	WriteFMIorII@s1.sounddriver.asm:1712-1717
230	1150	7	2	0x72728	0x6630	103556	1134	0x7275A	84	branch	taken	control_flow	WriteFMIorII@s1.sounddriver.asm:1712-1717
231	1150	7	2	0x7275A	0x142D	103640	1148	0x7275E	84	linear	n/a	ordinary	WriteFMIIPart@s1.sounddriver.asm:1745-1750
232	1150	7	2	0x7275E	0x0882	103724	1148	0x72762	84	linear	n/a	ordinary	WriteFMIIPart@s1.sounddriver.asm:1745-1750
233	1150	7	2	0x72762	0xD002	103808	1148	0x72764	28	linear	n/a	ordinary	WriteFMIIPart@s1.sounddriver.asm:1745-1750
234	1150	7	2	0x72764	0x1439	103836	1148	0x7276A	119	linear	n/a	ordinary,busy_poll	WriteFMII@s1.sounddriver.asm:1752-1769
235	1150	7	2	0x7276A	0x0802	103955	1148	0x7276E	70	linear	n/a	ordinary,busy_poll	WriteFMII@s1.sounddriver.asm:1752-1769
236	1150	7	2	0x7276E	0x66F4	104025	1148	0x72764	70	branch	taken	control_flow	WriteFMII@s1.sounddriver.asm:1752-1769
237	1150	7	2	0x72764	0x1439	104095	1148	0x7276A	119	linear	n/a	ordinary,busy_poll	WriteFMII@s1.sounddriver.asm:1752-1769
238	1150	7	2	0x7276A	0x0802	104214	1148	0x7276E	70	linear	n/a	ordinary,busy_poll	WriteFMII@s1.sounddriver.asm:1752-1769
239	1150	7	2	0x7276E	0x66F4	104284	1148	0x72764	70	branch	taken	control_flow	WriteFMII@s1.sounddriver.asm:1752-1769
240	1150	7	2	0x72764	0x1439	104354	1148	0x7276A	119	linear	n/a	ordinary,busy_poll	WriteFMII@s1.sounddriver.asm:1752-1769
241	1150	7	2	0x7276A	0x0802	104473	1148	0x7276E	84	linear	n/a	ordinary,busy_poll	WriteFMII@s1.sounddriver.asm:1752-1769
242	1150	7	2	0x7276E	0x66F4	104557	1162	0x72770	56	branch	not_taken	control_flow	WriteFMII@s1.sounddriver.asm:1752-1769
243	1150	7	2	0x72770	0x13C0	104613	1162	0x72776	119	linear	n/a	ordinary	WriteFMII@s1.sounddriver.asm:1752-1769
244	1150	7	2	0x72776	0x4E71	104732	1162	0x72778	28	linear	n/a	ordinary	WriteFMII@s1.sounddriver.asm:1752-1769
245	1150	7	2	0x72778	0x4E71	104760	1162	0x7277A	28	linear	n/a	ordinary	WriteFMII@s1.sounddriver.asm:1752-1769
246	1150	7	2	0x7277A	0x4E71	104788	1162	0x7277C	28	linear	n/a	ordinary	WriteFMII@s1.sounddriver.asm:1752-1769
247	1150	7	2	0x7277C	0x1439	104816	1162	0x72782	119	linear	n/a	ordinary,busy_poll	WriteFMII@s1.sounddriver.asm:1752-1769
248	1150	7	2	0x72782	0x0802	104935	1162	0x72786	70	linear	n/a	ordinary,busy_poll	WriteFMII@s1.sounddriver.asm:1752-1769
249	1150	7	2	0x72786	0x66F4	105005	1162	0x72788	56	branch	not_taken	control_flow,busy_poll	WriteFMII@s1.sounddriver.asm:1752-1769
250	1150	7	2	0x72788	0x13C1	105061	1162	0x7278E	119	linear	n/a	ordinary,ym_write	WriteFMII@s1.sounddriver.asm:1752-1769
251	1150	8	2	0x7278E	0x4E75	105180	1162	0x72C7A	112	return	target=0x72C7A	control_flow	WriteFMII@s1.sounddriver.asm:1752-1769
252	1150	8	2	0x72C7A	0x51CB	105292	1162	0x72C72	70	branch	taken	control_flow	SetVoice@s1.sounddriver.asm:2328-2375
253	1150	8	2	0x72C72	0x101A	105362	1162	0x72C74	56	linear	n/a	ordinary	SetVoice@s1.sounddriver.asm:2328-2375
254	1150	8	2	0x72C74	0x1219	105418	1162	0x72C76	70	linear	n/a	ordinary	SetVoice@s1.sounddriver.asm:2328-2375
255	1150	8	2	0x72C76	0x4EBA	105488	1176	0x72722	126	call	target=0x72722	control_flow	SetVoice@s1.sounddriver.asm:2328-2375
256	1150	8	2	0x72722	0x082D	105614	1176	0x72728	112	linear	n/a	ordinary	WriteFMIorII@s1.sounddriver.asm:1712-1717
257	1150	8	2	0x72728	0x6630	105726	1176	0x7275A	70	branch	taken	control_flow	WriteFMIorII@s1.sounddriver.asm:1712-1717
258	1150	8	2	0x7275A	0x142D	105796	1176	0x7275E	84	linear	n/a	ordinary	WriteFMIIPart@s1.sounddriver.asm:1745-1750
259	1150	8	2	0x7275E	0x0882	105880	1176	0x72762	84	linear	n/a	ordinary	WriteFMIIPart@s1.sounddriver.asm:1745-1750
260	1150	8	2	0x72762	0xD002	105964	1176	0x72764	28	linear	n/a	ordinary	WriteFMIIPart@s1.sounddriver.asm:1745-1750
261	1150	8	2	0x72764	0x1439	105992	1176	0x7276A	119	linear	n/a	ordinary,busy_poll	WriteFMII@s1.sounddriver.asm:1752-1769
262	1150	8	2	0x7276A	0x0802	106111	1176	0x7276E	70	linear	n/a	ordinary,busy_poll	WriteFMII@s1.sounddriver.asm:1752-1769
263	1150	8	2	0x7276E	0x66F4	106181	1176	0x72764	70	branch	taken	control_flow	WriteFMII@s1.sounddriver.asm:1752-1769
264	1150	8	2	0x72764	0x1439	106251	1176	0x7276A	119	linear	n/a	ordinary,busy_poll	WriteFMII@s1.sounddriver.asm:1752-1769
265	1150	8	2	0x7276A	0x0802	106370	1176	0x7276E	84	linear	n/a	ordinary,busy_poll	WriteFMII@s1.sounddriver.asm:1752-1769
266	1150	8	2	0x7276E	0x66F4	106454	1190	0x72764	70	branch	taken	control_flow	WriteFMII@s1.sounddriver.asm:1752-1769
267	1150	8	2	0x72764	0x1439	106524	1190	0x7276A	119	linear	n/a	ordinary,busy_poll	WriteFMII@s1.sounddriver.asm:1752-1769
268	1150	8	2	0x7276A	0x0802	106643	1190	0x7276E	70	linear	n/a	ordinary,busy_poll	WriteFMII@s1.sounddriver.asm:1752-1769
269	1150	8	2	0x7276E	0x66F4	106713	1190	0x72770	56	branch	not_taken	control_flow	WriteFMII@s1.sounddriver.asm:1752-1769
270	1150	8	2	0x72770	0x13C0	106769	1190	0x72776	119	linear	n/a	ordinary	WriteFMII@s1.sounddriver.asm:1752-1769
271	1150	8	2	0x72776	0x4E71	106888	1190	0x72778	28	linear	n/a	ordinary	WriteFMII@s1.sounddriver.asm:1752-1769
272	1150	8	2	0x72778	0x4E71	106916	1190	0x7277A	28	linear	n/a	ordinary	WriteFMII@s1.sounddriver.asm:1752-1769
273	1150	8	2	0x7277A	0x4E71	106944	1190	0x7277C	28	linear	n/a	ordinary	WriteFMII@s1.sounddriver.asm:1752-1769
274	1150	8	2	0x7277C	0x1439	106972	1190	0x72782	119	linear	n/a	ordinary,busy_poll	WriteFMII@s1.sounddriver.asm:1752-1769
275	1150	8	2	0x72782	0x0802	107091	1190	0x72786	70	linear	n/a	ordinary,busy_poll	WriteFMII@s1.sounddriver.asm:1752-1769
276	1150	8	2	0x72786	0x66F4	107161	1190	0x72788	56	branch	not_taken	control_flow,busy_poll	WriteFMII@s1.sounddriver.asm:1752-1769
277	1150	8	2	0x72788	0x13C1	107217	1190	0x7278E	119	linear	n/a	ordinary,ym_write	WriteFMII@s1.sounddriver.asm:1752-1769
278	1150	9	2	0x7278E	0x4E75	107336	1190	0x72C7A	126	return	target=0x72C7A	control_flow	WriteFMII@s1.sounddriver.asm:1752-1769
279	1150	9	2	0x72C7A	0x51CB	107462	1204	0x72C72	70	branch	taken	control_flow	SetVoice@s1.sounddriver.asm:2328-2375
280	1150	9	2	0x72C72	0x101A	107532	1204	0x72C74	56	linear	n/a	ordinary	SetVoice@s1.sounddriver.asm:2328-2375
281	1150	9	2	0x72C74	0x1219	107588	1204	0x72C76	56	linear	n/a	ordinary	SetVoice@s1.sounddriver.asm:2328-2375
282	1150	9	2	0x72C76	0x4EBA	107644	1204	0x72722	126	call	target=0x72722	control_flow	SetVoice@s1.sounddriver.asm:2328-2375
283	1150	9	2	0x72722	0x082D	107770	1204	0x72728	112	linear	n/a	ordinary	WriteFMIorII@s1.sounddriver.asm:1712-1717
284	1150	9	2	0x72728	0x6630	107882	1204	0x7275A	70	branch	taken	control_flow	WriteFMIorII@s1.sounddriver.asm:1712-1717
285	1150	9	2	0x7275A	0x142D	107952	1204	0x7275E	84	linear	n/a	ordinary	WriteFMIIPart@s1.sounddriver.asm:1745-1750
286	1150	9	2	0x7275E	0x0882	108036	1204	0x72762	84	linear	n/a	ordinary	WriteFMIIPart@s1.sounddriver.asm:1745-1750
287	1150	9	2	0x72762	0xD002	108120	1204	0x72764	28	linear	n/a	ordinary	WriteFMIIPart@s1.sounddriver.asm:1745-1750
288	1150	9	2	0x72764	0x1439	108148	1204	0x7276A	119	linear	n/a	ordinary,busy_poll	WriteFMII@s1.sounddriver.asm:1752-1769
289	1150	9	2	0x7276A	0x0802	108267	1204	0x7276E	84	linear	n/a	ordinary,busy_poll	WriteFMII@s1.sounddriver.asm:1752-1769
290	1150	9	2	0x7276E	0x66F4	108351	1218	0x72764	70	branch	taken	control_flow	WriteFMII@s1.sounddriver.asm:1752-1769
291	1150	9	2	0x72764	0x1439	108421	1218	0x7276A	119	linear	n/a	ordinary,busy_poll	WriteFMII@s1.sounddriver.asm:1752-1769
292	1150	9	2	0x7276A	0x0802	108540	1218	0x7276E	70	linear	n/a	ordinary,busy_poll	WriteFMII@s1.sounddriver.asm:1752-1769
293	1150	9	2	0x7276E	0x66F4	108610	1218	0x72764	70	branch	taken	control_flow	WriteFMII@s1.sounddriver.asm:1752-1769
294	1150	9	2	0x72764	0x1439	108680	1218	0x7276A	119	linear	n/a	ordinary,busy_poll	WriteFMII@s1.sounddriver.asm:1752-1769
295	1150	9	2	0x7276A	0x0802	108799	1218	0x7276E	70	linear	n/a	ordinary,busy_poll	WriteFMII@s1.sounddriver.asm:1752-1769
296	1150	9	2	0x7276E	0x66F4	108869	1218	0x72770	56	branch	not_taken	control_flow	WriteFMII@s1.sounddriver.asm:1752-1769
297	1150	9	2	0x72770	0x13C0	108925	1218	0x72776	119	linear	n/a	ordinary	WriteFMII@s1.sounddriver.asm:1752-1769
298	1150	9	2	0x72776	0x4E71	109044	1218	0x72778	28	linear	n/a	ordinary	WriteFMII@s1.sounddriver.asm:1752-1769
299	1150	9	2	0x72778	0x4E71	109072	1218	0x7277A	28	linear	n/a	ordinary	WriteFMII@s1.sounddriver.asm:1752-1769
300	1150	9	2	0x7277A	0x4E71	109100	1218	0x7277C	28	linear	n/a	ordinary	WriteFMII@s1.sounddriver.asm:1752-1769
301	1150	9	2	0x7277C	0x1439	109128	1218	0x72782	119	linear	n/a	ordinary,busy_poll	WriteFMII@s1.sounddriver.asm:1752-1769
302	1150	9	2	0x72782	0x0802	109247	1218	0x72786	84	linear	n/a	ordinary,busy_poll	WriteFMII@s1.sounddriver.asm:1752-1769
303	1150	9	2	0x72786	0x66F4	109331	1232	0x72788	56	branch	not_taken	control_flow,busy_poll	WriteFMII@s1.sounddriver.asm:1752-1769
304	1150	9	2	0x72788	0x13C1	109387	1232	0x7278E	119	linear	n/a	ordinary,ym_write	WriteFMII@s1.sounddriver.asm:1752-1769
305	1150	10	2	0x7278E	0x4E75	109506	1232	0x72C7A	112	return	target=0x72C7A	control_flow	WriteFMII@s1.sounddriver.asm:1752-1769
306	1150	10	2	0x72C7A	0x51CB	109618	1232	0x72C72	70	branch	taken	control_flow	SetVoice@s1.sounddriver.asm:2328-2375
307	1150	10	2	0x72C72	0x101A	109688	1232	0x72C74	56	linear	n/a	ordinary	SetVoice@s1.sounddriver.asm:2328-2375
308	1150	10	2	0x72C74	0x1219	109744	1232	0x72C76	56	linear	n/a	ordinary	SetVoice@s1.sounddriver.asm:2328-2375
309	1150	10	2	0x72C76	0x4EBA	109800	1232	0x72722	126	call	target=0x72722	control_flow	SetVoice@s1.sounddriver.asm:2328-2375
310	1150	10	2	0x72722	0x082D	109926	1232	0x72728	112	linear	n/a	ordinary	WriteFMIorII@s1.sounddriver.asm:1712-1717
311	1150	10	2	0x72728	0x6630	110038	1232	0x7275A	70	branch	taken	control_flow	WriteFMIorII@s1.sounddriver.asm:1712-1717
312	1150	10	2	0x7275A	0x142D	110108	1232	0x7275E	84	linear	n/a	ordinary	WriteFMIIPart@s1.sounddriver.asm:1745-1750
313	1150	10	2	0x7275E	0x0882	110192	1232	0x72762	98	linear	n/a	ordinary	WriteFMIIPart@s1.sounddriver.asm:1745-1750
314	1150	10	2	0x72762	0xD002	110290	1246	0x72764	28	linear	n/a	ordinary	WriteFMIIPart@s1.sounddriver.asm:1745-1750
315	1150	10	2	0x72764	0x1439	110318	1246	0x7276A	119	linear	n/a	ordinary,busy_poll	WriteFMII@s1.sounddriver.asm:1752-1769
316	1150	10	2	0x7276A	0x0802	110437	1246	0x7276E	70	linear	n/a	ordinary,busy_poll	WriteFMII@s1.sounddriver.asm:1752-1769
317	1150	10	2	0x7276E	0x66F4	110507	1246	0x72764	70	branch	taken	control_flow	WriteFMII@s1.sounddriver.asm:1752-1769
318	1150	10	2	0x72764	0x1439	110577	1246	0x7276A	119	linear	n/a	ordinary,busy_poll	WriteFMII@s1.sounddriver.asm:1752-1769
319	1150	10	2	0x7276A	0x0802	110696	1246	0x7276E	70	linear	n/a	ordinary,busy_poll	WriteFMII@s1.sounddriver.asm:1752-1769
320	1150	10	2	0x7276E	0x66F4	110766	1246	0x72764	70	branch	taken	control_flow	WriteFMII@s1.sounddriver.asm:1752-1769
321	1150	10	2	0x72764	0x1439	110836	1246	0x7276A	119	linear	n/a	ordinary,busy_poll	WriteFMII@s1.sounddriver.asm:1752-1769
322	1150	10	2	0x7276A	0x0802	110955	1246	0x7276E	70	linear	n/a	ordinary,busy_poll	WriteFMII@s1.sounddriver.asm:1752-1769
323	1150	10	2	0x7276E	0x66F4	111025	1246	0x72770	56	branch	not_taken	control_flow	WriteFMII@s1.sounddriver.asm:1752-1769
324	1150	10	2	0x72770	0x13C0	111081	1246	0x72776	119	linear	n/a	ordinary	WriteFMII@s1.sounddriver.asm:1752-1769
325	1150	10	2	0x72776	0x4E71	111200	1246	0x72778	42	linear	n/a	ordinary	WriteFMII@s1.sounddriver.asm:1752-1769
326	1150	10	2	0x72778	0x4E71	111242	1260	0x7277A	28	linear	n/a	ordinary	WriteFMII@s1.sounddriver.asm:1752-1769
327	1150	10	2	0x7277A	0x4E71	111270	1260	0x7277C	28	linear	n/a	ordinary	WriteFMII@s1.sounddriver.asm:1752-1769
328	1150	10	2	0x7277C	0x1439	111298	1260	0x72782	119	linear	n/a	ordinary,busy_poll	WriteFMII@s1.sounddriver.asm:1752-1769
329	1150	10	2	0x72782	0x0802	111417	1260	0x72786	70	linear	n/a	ordinary,busy_poll	WriteFMII@s1.sounddriver.asm:1752-1769
330	1150	10	2	0x72786	0x66F4	111487	1260	0x72788	56	branch	not_taken	control_flow,busy_poll	WriteFMII@s1.sounddriver.asm:1752-1769
331	1150	10	2	0x72788	0x13C1	111543	1260	0x7278E	119	linear	n/a	ordinary,ym_write	WriteFMII@s1.sounddriver.asm:1752-1769
332	1150	11	2	0x7278E	0x4E75	111662	1260	0x72C7A	112	return	target=0x72C7A	control_flow	WriteFMII@s1.sounddriver.asm:1752-1769
333	1150	11	2	0x72C7A	0x51CB	111774	1260	0x72C72	70	branch	taken	control_flow	SetVoice@s1.sounddriver.asm:2328-2375
334	1150	11	2	0x72C72	0x101A	111844	1260	0x72C74	56	linear	n/a	ordinary	SetVoice@s1.sounddriver.asm:2328-2375
335	1150	11	2	0x72C74	0x1219	111900	1260	0x72C76	56	linear	n/a	ordinary	SetVoice@s1.sounddriver.asm:2328-2375
336	1150	11	2	0x72C76	0x4EBA	111956	1260	0x72722	126	call	target=0x72722	control_flow	SetVoice@s1.sounddriver.asm:2328-2375
337	1150	11	2	0x72722	0x082D	112082	1260	0x72728	112	linear	n/a	ordinary	WriteFMIorII@s1.sounddriver.asm:1712-1717
338	1150	11	2	0x72728	0x6630	112194	1260	0x7275A	84	branch	taken	control_flow	WriteFMIorII@s1.sounddriver.asm:1712-1717
339	1150	11	2	0x7275A	0x142D	112278	1274	0x7275E	84	linear	n/a	ordinary	WriteFMIIPart@s1.sounddriver.asm:1745-1750
340	1150	11	2	0x7275E	0x0882	112362	1274	0x72762	84	linear	n/a	ordinary	WriteFMIIPart@s1.sounddriver.asm:1745-1750
341	1150	11	2	0x72762	0xD002	112446	1274	0x72764	28	linear	n/a	ordinary	WriteFMIIPart@s1.sounddriver.asm:1745-1750
342	1150	11	2	0x72764	0x1439	112474	1274	0x7276A	119	linear	n/a	ordinary,busy_poll	WriteFMII@s1.sounddriver.asm:1752-1769
343	1150	11	2	0x7276A	0x0802	112593	1274	0x7276E	70	linear	n/a	ordinary,busy_poll	WriteFMII@s1.sounddriver.asm:1752-1769
344	1150	11	2	0x7276E	0x66F4	112663	1274	0x72764	70	branch	taken	control_flow	WriteFMII@s1.sounddriver.asm:1752-1769
345	1150	11	2	0x72764	0x1439	112733	1274	0x7276A	119	linear	n/a	ordinary,busy_poll	WriteFMII@s1.sounddriver.asm:1752-1769
346	1150	11	2	0x7276A	0x0802	112852	1274	0x7276E	70	linear	n/a	ordinary,busy_poll	WriteFMII@s1.sounddriver.asm:1752-1769
347	1150	11	2	0x7276E	0x66F4	112922	1274	0x72764	70	branch	taken	control_flow	WriteFMII@s1.sounddriver.asm:1752-1769
348	1150	11	2	0x72764	0x1439	112992	1274	0x7276A	119	linear	n/a	ordinary,busy_poll	WriteFMII@s1.sounddriver.asm:1752-1769
349	1150	11	2	0x7276A	0x0802	113111	1274	0x7276E	84	linear	n/a	ordinary,busy_poll	WriteFMII@s1.sounddriver.asm:1752-1769
350	1150	11	2	0x7276E	0x66F4	113195	1288	0x72770	56	branch	not_taken	control_flow	WriteFMII@s1.sounddriver.asm:1752-1769
351	1150	11	2	0x72770	0x13C0	113251	1288	0x72776	119	linear	n/a	ordinary	WriteFMII@s1.sounddriver.asm:1752-1769
352	1150	11	2	0x72776	0x4E71	113370	1288	0x72778	28	linear	n/a	ordinary	WriteFMII@s1.sounddriver.asm:1752-1769
353	1150	11	2	0x72778	0x4E71	113398	1288	0x7277A	28	linear	n/a	ordinary	WriteFMII@s1.sounddriver.asm:1752-1769
354	1150	11	2	0x7277A	0x4E71	113426	1288	0x7277C	28	linear	n/a	ordinary	WriteFMII@s1.sounddriver.asm:1752-1769
355	1150	11	2	0x7277C	0x1439	113454	1288	0x72782	119	linear	n/a	ordinary,busy_poll	WriteFMII@s1.sounddriver.asm:1752-1769
356	1150	11	2	0x72782	0x0802	113573	1288	0x72786	70	linear	n/a	ordinary,busy_poll	WriteFMII@s1.sounddriver.asm:1752-1769
357	1150	11	2	0x72786	0x66F4	113643	1288	0x72788	56	branch	not_taken	control_flow,busy_poll	WriteFMII@s1.sounddriver.asm:1752-1769
358	1150	11	2	0x72788	0x13C1	113699	1288	0x7278E	119	linear	n/a	ordinary,ym_write	WriteFMII@s1.sounddriver.asm:1752-1769
359	1150	12	2	0x7278E	0x4E75	113818	1288	0x72C7A	112	return	target=0x72C7A	control_flow	WriteFMII@s1.sounddriver.asm:1752-1769
360	1150	12	2	0x72C7A	0x51CB	113930	1288	0x72C72	70	branch	taken	control_flow	SetVoice@s1.sounddriver.asm:2328-2375
361	1150	12	2	0x72C72	0x101A	114000	1288	0x72C74	56	linear	n/a	ordinary	SetVoice@s1.sounddriver.asm:2328-2375
362	1150	12	2	0x72C74	0x1219	114056	1288	0x72C76	70	linear	n/a	ordinary	SetVoice@s1.sounddriver.asm:2328-2375
363	1150	12	2	0x72C76	0x4EBA	114126	1302	0x72722	126	call	target=0x72722	control_flow	SetVoice@s1.sounddriver.asm:2328-2375
364	1150	12	2	0x72722	0x082D	114252	1302	0x72728	112	linear	n/a	ordinary	WriteFMIorII@s1.sounddriver.asm:1712-1717
365	1150	12	2	0x72728	0x6630	114364	1302	0x7275A	70	branch	taken	control_flow	WriteFMIorII@s1.sounddriver.asm:1712-1717
366	1150	12	2	0x7275A	0x142D	114434	1302	0x7275E	84	linear	n/a	ordinary	WriteFMIIPart@s1.sounddriver.asm:1745-1750
367	1150	12	2	0x7275E	0x0882	114518	1302	0x72762	84	linear	n/a	ordinary	WriteFMIIPart@s1.sounddriver.asm:1745-1750
368	1150	12	2	0x72762	0xD002	114602	1302	0x72764	28	linear	n/a	ordinary	WriteFMIIPart@s1.sounddriver.asm:1745-1750
369	1150	12	2	0x72764	0x1439	114630	1302	0x7276A	119	linear	n/a	ordinary,busy_poll	WriteFMII@s1.sounddriver.asm:1752-1769
370	1150	12	2	0x7276A	0x0802	114749	1302	0x7276E	70	linear	n/a	ordinary,busy_poll	WriteFMII@s1.sounddriver.asm:1752-1769
371	1150	12	2	0x7276E	0x66F4	114819	1302	0x72764	70	branch	taken	control_flow	WriteFMII@s1.sounddriver.asm:1752-1769
372	1150	12	2	0x72764	0x1439	114889	1302	0x7276A	119	linear	n/a	ordinary,busy_poll	WriteFMII@s1.sounddriver.asm:1752-1769
373	1150	12	2	0x7276A	0x0802	115008	1302	0x7276E	84	linear	n/a	ordinary,busy_poll	WriteFMII@s1.sounddriver.asm:1752-1769
374	1150	12	2	0x7276E	0x66F4	115092	1316	0x72764	70	branch	taken	control_flow	WriteFMII@s1.sounddriver.asm:1752-1769
375	1150	12	2	0x72764	0x1439	115162	1316	0x7276A	119	linear	n/a	ordinary,busy_poll	WriteFMII@s1.sounddriver.asm:1752-1769
376	1150	12	2	0x7276A	0x0802	115281	1316	0x7276E	70	linear	n/a	ordinary,busy_poll	WriteFMII@s1.sounddriver.asm:1752-1769
377	1150	12	2	0x7276E	0x66F4	115351	1316	0x72770	56	branch	not_taken	control_flow	WriteFMII@s1.sounddriver.asm:1752-1769
378	1150	12	2	0x72770	0x13C0	115407	1316	0x72776	119	linear	n/a	ordinary	WriteFMII@s1.sounddriver.asm:1752-1769
379	1150	12	2	0x72776	0x4E71	115526	1316	0x72778	28	linear	n/a	ordinary	WriteFMII@s1.sounddriver.asm:1752-1769
380	1150	12	2	0x72778	0x4E71	115554	1316	0x7277A	28	linear	n/a	ordinary	WriteFMII@s1.sounddriver.asm:1752-1769
381	1150	12	2	0x7277A	0x4E71	115582	1316	0x7277C	28	linear	n/a	ordinary	WriteFMII@s1.sounddriver.asm:1752-1769
382	1150	12	2	0x7277C	0x1439	115610	1316	0x72782	119	linear	n/a	ordinary,busy_poll	WriteFMII@s1.sounddriver.asm:1752-1769
383	1150	12	2	0x72782	0x0802	115729	1316	0x72786	70	linear	n/a	ordinary,busy_poll	WriteFMII@s1.sounddriver.asm:1752-1769
384	1150	12	2	0x72786	0x66F4	115799	1316	0x72788	56	branch	not_taken	control_flow,busy_poll	WriteFMII@s1.sounddriver.asm:1752-1769
385	1150	12	2	0x72788	0x13C1	115855	1316	0x7278E	119	linear	n/a	ordinary,ym_write	WriteFMII@s1.sounddriver.asm:1752-1769
386	1150	13	2	0x7278E	0x4E75	115974	1316	0x72C7A	126	return	target=0x72C7A	control_flow	WriteFMII@s1.sounddriver.asm:1752-1769
387	1150	13	2	0x72C7A	0x51CB	116100	1330	0x72C72	70	branch	taken	control_flow	SetVoice@s1.sounddriver.asm:2328-2375
388	1150	13	2	0x72C72	0x101A	116170	1330	0x72C74	56	linear	n/a	ordinary	SetVoice@s1.sounddriver.asm:2328-2375
389	1150	13	2	0x72C74	0x1219	116226	1330	0x72C76	56	linear	n/a	ordinary	SetVoice@s1.sounddriver.asm:2328-2375
390	1150	13	2	0x72C76	0x4EBA	116282	1330	0x72722	126	call	target=0x72722	control_flow	SetVoice@s1.sounddriver.asm:2328-2375
391	1150	13	2	0x72722	0x082D	116408	1330	0x72728	112	linear	n/a	ordinary	WriteFMIorII@s1.sounddriver.asm:1712-1717
392	1150	13	2	0x72728	0x6630	116520	1330	0x7275A	70	branch	taken	control_flow	WriteFMIorII@s1.sounddriver.asm:1712-1717
393	1150	13	2	0x7275A	0x142D	116590	1330	0x7275E	84	linear	n/a	ordinary	WriteFMIIPart@s1.sounddriver.asm:1745-1750
394	1150	13	2	0x7275E	0x0882	116674	1330	0x72762	84	linear	n/a	ordinary	WriteFMIIPart@s1.sounddriver.asm:1745-1750
395	1150	13	2	0x72762	0xD002	116758	1330	0x72764	28	linear	n/a	ordinary	WriteFMIIPart@s1.sounddriver.asm:1745-1750
396	1150	13	2	0x72764	0x1439	116786	1330	0x7276A	119	linear	n/a	ordinary,busy_poll	WriteFMII@s1.sounddriver.asm:1752-1769
397	1150	13	2	0x7276A	0x0802	116905	1330	0x7276E	84	linear	n/a	ordinary,busy_poll	WriteFMII@s1.sounddriver.asm:1752-1769
398	1150	13	2	0x7276E	0x66F4	116989	1344	0x72764	70	branch	taken	control_flow	WriteFMII@s1.sounddriver.asm:1752-1769
399	1150	13	2	0x72764	0x1439	117059	1344	0x7276A	119	linear	n/a	ordinary,busy_poll	WriteFMII@s1.sounddriver.asm:1752-1769
400	1150	13	2	0x7276A	0x0802	117178	1344	0x7276E	70	linear	n/a	ordinary,busy_poll	WriteFMII@s1.sounddriver.asm:1752-1769
401	1150	13	2	0x7276E	0x66F4	117248	1344	0x72764	70	branch	taken	control_flow	WriteFMII@s1.sounddriver.asm:1752-1769
402	1150	13	2	0x72764	0x1439	117318	1344	0x7276A	119	linear	n/a	ordinary,busy_poll	WriteFMII@s1.sounddriver.asm:1752-1769
403	1150	13	2	0x7276A	0x0802	117437	1344	0x7276E	70	linear	n/a	ordinary,busy_poll	WriteFMII@s1.sounddriver.asm:1752-1769
404	1150	13	2	0x7276E	0x66F4	117507	1344	0x72770	56	branch	not_taken	control_flow	WriteFMII@s1.sounddriver.asm:1752-1769
405	1150	13	2	0x72770	0x13C0	117563	1344	0x72776	119	linear	n/a	ordinary	WriteFMII@s1.sounddriver.asm:1752-1769
406	1150	13	2	0x72776	0x4E71	117682	1344	0x72778	28	linear	n/a	ordinary	WriteFMII@s1.sounddriver.asm:1752-1769
407	1150	13	2	0x72778	0x4E71	117710	1344	0x7277A	28	linear	n/a	ordinary	WriteFMII@s1.sounddriver.asm:1752-1769
408	1150	13	2	0x7277A	0x4E71	117738	1344	0x7277C	28	linear	n/a	ordinary	WriteFMII@s1.sounddriver.asm:1752-1769
409	1150	13	2	0x7277C	0x1439	117766	1344	0x72782	119	linear	n/a	ordinary,busy_poll	WriteFMII@s1.sounddriver.asm:1752-1769
410	1150	13	2	0x72782	0x0802	117885	1344	0x72786	84	linear	n/a	ordinary,busy_poll	WriteFMII@s1.sounddriver.asm:1752-1769
411	1150	13	2	0x72786	0x66F4	117969	1358	0x72788	56	branch	not_taken	control_flow,busy_poll	WriteFMII@s1.sounddriver.asm:1752-1769
412	1150	13	2	0x72788	0x13C1	118025	1358	0x7278E	119	linear	n/a	ordinary,ym_write	WriteFMII@s1.sounddriver.asm:1752-1769
413	1150	14	2	0x7278E	0x4E75	118144	1358	0x72C7A	112	return	target=0x72C7A	control_flow	WriteFMII@s1.sounddriver.asm:1752-1769
414	1150	14	2	0x72C7A	0x51CB	118256	1358	0x72C72	70	branch	taken	control_flow	SetVoice@s1.sounddriver.asm:2328-2375
415	1150	14	2	0x72C72	0x101A	118326	1358	0x72C74	56	linear	n/a	ordinary	SetVoice@s1.sounddriver.asm:2328-2375
416	1150	14	2	0x72C74	0x1219	118382	1358	0x72C76	56	linear	n/a	ordinary	SetVoice@s1.sounddriver.asm:2328-2375
417	1150	14	2	0x72C76	0x4EBA	118438	1358	0x72722	126	call	target=0x72722	control_flow	SetVoice@s1.sounddriver.asm:2328-2375
418	1150	14	2	0x72722	0x082D	118564	1358	0x72728	112	linear	n/a	ordinary	WriteFMIorII@s1.sounddriver.asm:1712-1717
419	1150	14	2	0x72728	0x6630	118676	1358	0x7275A	70	branch	taken	control_flow	WriteFMIorII@s1.sounddriver.asm:1712-1717
420	1150	14	2	0x7275A	0x142D	118746	1358	0x7275E	84	linear	n/a	ordinary	WriteFMIIPart@s1.sounddriver.asm:1745-1750
421	1150	14	2	0x7275E	0x0882	118830	1358	0x72762	98	linear	n/a	ordinary	WriteFMIIPart@s1.sounddriver.asm:1745-1750
422	1150	14	2	0x72762	0xD002	118928	1372	0x72764	28	linear	n/a	ordinary	WriteFMIIPart@s1.sounddriver.asm:1745-1750
423	1150	14	2	0x72764	0x1439	118956	1372	0x7276A	119	linear	n/a	ordinary,busy_poll	WriteFMII@s1.sounddriver.asm:1752-1769
424	1150	14	2	0x7276A	0x0802	119075	1372	0x7276E	70	linear	n/a	ordinary,busy_poll	WriteFMII@s1.sounddriver.asm:1752-1769
425	1150	14	2	0x7276E	0x66F4	119145	1372	0x72764	70	branch	taken	control_flow	WriteFMII@s1.sounddriver.asm:1752-1769
426	1150	14	2	0x72764	0x1439	119215	1372	0x7276A	119	linear	n/a	ordinary,busy_poll	WriteFMII@s1.sounddriver.asm:1752-1769
427	1150	14	2	0x7276A	0x0802	119334	1372	0x7276E	70	linear	n/a	ordinary,busy_poll	WriteFMII@s1.sounddriver.asm:1752-1769
428	1150	14	2	0x7276E	0x66F4	119404	1372	0x72764	70	branch	taken	control_flow	WriteFMII@s1.sounddriver.asm:1752-1769
429	1150	14	2	0x72764	0x1439	119474	1372	0x7276A	119	linear	n/a	ordinary,busy_poll	WriteFMII@s1.sounddriver.asm:1752-1769
430	1150	14	2	0x7276A	0x0802	119593	1372	0x7276E	70	linear	n/a	ordinary,busy_poll	WriteFMII@s1.sounddriver.asm:1752-1769
431	1150	14	2	0x7276E	0x66F4	119663	1372	0x72770	56	branch	not_taken	control_flow	WriteFMII@s1.sounddriver.asm:1752-1769
432	1150	14	2	0x72770	0x13C0	119719	1372	0x72776	119	linear	n/a	ordinary	WriteFMII@s1.sounddriver.asm:1752-1769
433	1150	14	2	0x72776	0x4E71	119838	1372	0x72778	42	linear	n/a	ordinary	WriteFMII@s1.sounddriver.asm:1752-1769
434	1150	14	2	0x72778	0x4E71	119880	1386	0x7277A	28	linear	n/a	ordinary	WriteFMII@s1.sounddriver.asm:1752-1769
435	1150	14	2	0x7277A	0x4E71	119908	1386	0x7277C	28	linear	n/a	ordinary	WriteFMII@s1.sounddriver.asm:1752-1769
436	1150	14	2	0x7277C	0x1439	119936	1386	0x72782	119	linear	n/a	ordinary,busy_poll	WriteFMII@s1.sounddriver.asm:1752-1769
437	1150	14	2	0x72782	0x0802	120055	1386	0x72786	70	linear	n/a	ordinary,busy_poll	WriteFMII@s1.sounddriver.asm:1752-1769
438	1150	14	2	0x72786	0x66F4	120125	1386	0x72788	56	branch	not_taken	control_flow,busy_poll	WriteFMII@s1.sounddriver.asm:1752-1769
439	1150	14	2	0x72788	0x13C1	120181	1386	0x7278E	119	linear	n/a	ordinary,ym_write	WriteFMII@s1.sounddriver.asm:1752-1769
440	1150	15	2	0x7278E	0x4E75	120300	1386	0x72C7A	112	return	target=0x72C7A	control_flow	WriteFMII@s1.sounddriver.asm:1752-1769
441	1150	15	2	0x72C7A	0x51CB	120412	1386	0x72C72	70	branch	taken	control_flow	SetVoice@s1.sounddriver.asm:2328-2375
442	1150	15	2	0x72C72	0x101A	120482	1386	0x72C74	56	linear	n/a	ordinary	SetVoice@s1.sounddriver.asm:2328-2375
443	1150	15	2	0x72C74	0x1219	120538	1386	0x72C76	56	linear	n/a	ordinary	SetVoice@s1.sounddriver.asm:2328-2375
444	1150	15	2	0x72C76	0x4EBA	120594	1386	0x72722	126	call	target=0x72722	control_flow	SetVoice@s1.sounddriver.asm:2328-2375
445	1150	15	2	0x72722	0x082D	120720	1386	0x72728	112	linear	n/a	ordinary	WriteFMIorII@s1.sounddriver.asm:1712-1717
446	1150	15	2	0x72728	0x6630	120832	1386	0x7275A	84	branch	taken	control_flow	WriteFMIorII@s1.sounddriver.asm:1712-1717
447	1150	15	2	0x7275A	0x142D	120916	1400	0x7275E	84	linear	n/a	ordinary	WriteFMIIPart@s1.sounddriver.asm:1745-1750
448	1150	15	2	0x7275E	0x0882	121000	1400	0x72762	84	linear	n/a	ordinary	WriteFMIIPart@s1.sounddriver.asm:1745-1750
449	1150	15	2	0x72762	0xD002	121084	1400	0x72764	28	linear	n/a	ordinary	WriteFMIIPart@s1.sounddriver.asm:1745-1750
450	1150	15	2	0x72764	0x1439	121112	1400	0x7276A	119	linear	n/a	ordinary,busy_poll	WriteFMII@s1.sounddriver.asm:1752-1769
451	1150	15	2	0x7276A	0x0802	121231	1400	0x7276E	70	linear	n/a	ordinary,busy_poll	WriteFMII@s1.sounddriver.asm:1752-1769
452	1150	15	2	0x7276E	0x66F4	121301	1400	0x72764	70	branch	taken	control_flow	WriteFMII@s1.sounddriver.asm:1752-1769
453	1150	15	2	0x72764	0x1439	121371	1400	0x7276A	119	linear	n/a	ordinary,busy_poll	WriteFMII@s1.sounddriver.asm:1752-1769
454	1150	15	2	0x7276A	0x0802	121490	1400	0x7276E	70	linear	n/a	ordinary,busy_poll	WriteFMII@s1.sounddriver.asm:1752-1769
455	1150	15	2	0x7276E	0x66F4	121560	1400	0x72764	70	branch	taken	control_flow	WriteFMII@s1.sounddriver.asm:1752-1769
456	1150	15	2	0x72764	0x1439	121630	1400	0x7276A	119	linear	n/a	ordinary,busy_poll	WriteFMII@s1.sounddriver.asm:1752-1769
457	1150	15	2	0x7276A	0x0802	121749	1400	0x7276E	84	linear	n/a	ordinary,busy_poll	WriteFMII@s1.sounddriver.asm:1752-1769
458	1150	15	2	0x7276E	0x66F4	121833	1414	0x72770	56	branch	not_taken	control_flow	WriteFMII@s1.sounddriver.asm:1752-1769
459	1150	15	2	0x72770	0x13C0	121889	1414	0x72776	119	linear	n/a	ordinary	WriteFMII@s1.sounddriver.asm:1752-1769
460	1150	15	2	0x72776	0x4E71	122008	1414	0x72778	28	linear	n/a	ordinary	WriteFMII@s1.sounddriver.asm:1752-1769
461	1150	15	2	0x72778	0x4E71	122036	1414	0x7277A	28	linear	n/a	ordinary	WriteFMII@s1.sounddriver.asm:1752-1769
462	1150	15	2	0x7277A	0x4E71	122064	1414	0x7277C	28	linear	n/a	ordinary	WriteFMII@s1.sounddriver.asm:1752-1769
463	1150	15	2	0x7277C	0x1439	122092	1414	0x72782	119	linear	n/a	ordinary,busy_poll	WriteFMII@s1.sounddriver.asm:1752-1769
464	1150	15	2	0x72782	0x0802	122211	1414	0x72786	70	linear	n/a	ordinary,busy_poll	WriteFMII@s1.sounddriver.asm:1752-1769
465	1150	15	2	0x72786	0x66F4	122281	1414	0x72788	56	branch	not_taken	control_flow,busy_poll	WriteFMII@s1.sounddriver.asm:1752-1769
466	1150	15	2	0x72788	0x13C1	122337	1414	0x7278E	119	linear	n/a	ordinary,ym_write	WriteFMII@s1.sounddriver.asm:1752-1769
467	1150	16	2	0x7278E	0x4E75	122456	1414	0x72C7A	112	return	target=0x72C7A	control_flow	WriteFMII@s1.sounddriver.asm:1752-1769
468	1150	16	2	0x72C7A	0x51CB	122568	1414	0x72C72	70	branch	taken	control_flow	SetVoice@s1.sounddriver.asm:2328-2375
469	1150	16	2	0x72C72	0x101A	122638	1414	0x72C74	56	linear	n/a	ordinary	SetVoice@s1.sounddriver.asm:2328-2375
470	1150	16	2	0x72C74	0x1219	122694	1414	0x72C76	70	linear	n/a	ordinary	SetVoice@s1.sounddriver.asm:2328-2375
471	1150	16	2	0x72C76	0x4EBA	122764	1428	0x72722	126	call	target=0x72722	control_flow	SetVoice@s1.sounddriver.asm:2328-2375
472	1150	16	2	0x72722	0x082D	122890	1428	0x72728	112	linear	n/a	ordinary	WriteFMIorII@s1.sounddriver.asm:1712-1717
473	1150	16	2	0x72728	0x6630	123002	1428	0x7275A	70	branch	taken	control_flow	WriteFMIorII@s1.sounddriver.asm:1712-1717
474	1150	16	2	0x7275A	0x142D	123072	1428	0x7275E	84	linear	n/a	ordinary	WriteFMIIPart@s1.sounddriver.asm:1745-1750
475	1150	16	2	0x7275E	0x0882	123156	1428	0x72762	84	linear	n/a	ordinary	WriteFMIIPart@s1.sounddriver.asm:1745-1750
476	1150	16	2	0x72762	0xD002	123240	1428	0x72764	28	linear	n/a	ordinary	WriteFMIIPart@s1.sounddriver.asm:1745-1750
477	1150	16	2	0x72764	0x1439	123268	1428	0x7276A	119	linear	n/a	ordinary,busy_poll	WriteFMII@s1.sounddriver.asm:1752-1769
478	1150	16	2	0x7276A	0x0802	123387	1428	0x7276E	70	linear	n/a	ordinary,busy_poll	WriteFMII@s1.sounddriver.asm:1752-1769
479	1150	16	2	0x7276E	0x66F4	123457	1428	0x72764	70	branch	taken	control_flow	WriteFMII@s1.sounddriver.asm:1752-1769
480	1150	16	2	0x72764	0x1439	123527	1428	0x7276A	119	linear	n/a	ordinary,busy_poll	WriteFMII@s1.sounddriver.asm:1752-1769
481	1150	16	2	0x7276A	0x0802	123646	1428	0x7276E	84	linear	n/a	ordinary,busy_poll	WriteFMII@s1.sounddriver.asm:1752-1769
482	1150	16	2	0x7276E	0x66F4	123730	1442	0x72764	70	branch	taken	control_flow	WriteFMII@s1.sounddriver.asm:1752-1769
483	1150	16	2	0x72764	0x1439	123800	1442	0x7276A	119	linear	n/a	ordinary,busy_poll	WriteFMII@s1.sounddriver.asm:1752-1769
484	1150	16	2	0x7276A	0x0802	123919	1442	0x7276E	70	linear	n/a	ordinary,busy_poll	WriteFMII@s1.sounddriver.asm:1752-1769
485	1150	16	2	0x7276E	0x66F4	123989	1442	0x72770	56	branch	not_taken	control_flow	WriteFMII@s1.sounddriver.asm:1752-1769
486	1150	16	2	0x72770	0x13C0	124045	1442	0x72776	119	linear	n/a	ordinary	WriteFMII@s1.sounddriver.asm:1752-1769
487	1150	16	2	0x72776	0x4E71	124164	1442	0x72778	28	linear	n/a	ordinary	WriteFMII@s1.sounddriver.asm:1752-1769
488	1150	16	2	0x72778	0x4E71	124192	1442	0x7277A	28	linear	n/a	ordinary	WriteFMII@s1.sounddriver.asm:1752-1769
489	1150	16	2	0x7277A	0x4E71	124220	1442	0x7277C	28	linear	n/a	ordinary	WriteFMII@s1.sounddriver.asm:1752-1769
490	1150	16	2	0x7277C	0x1439	124248	1442	0x72782	119	linear	n/a	ordinary,busy_poll	WriteFMII@s1.sounddriver.asm:1752-1769
491	1150	16	2	0x72782	0x0802	124367	1442	0x72786	70	linear	n/a	ordinary,busy_poll	WriteFMII@s1.sounddriver.asm:1752-1769
492	1150	16	2	0x72786	0x66F4	124437	1442	0x72788	56	branch	not_taken	control_flow,busy_poll	WriteFMII@s1.sounddriver.asm:1752-1769
493	1150	16	2	0x72788	0x13C1	124493	1442	0x7278E	119	linear	n/a	ordinary,ym_write	WriteFMII@s1.sounddriver.asm:1752-1769
494	1150	17	2	0x7278E	0x4E75	124612	1442	0x72C7A	126	return	target=0x72C7A	control_flow	WriteFMII@s1.sounddriver.asm:1752-1769
495	1150	17	2	0x72C7A	0x51CB	124738	1456	0x72C72	70	branch	taken	control_flow	SetVoice@s1.sounddriver.asm:2328-2375
496	1150	17	2	0x72C72	0x101A	124808	1456	0x72C74	56	linear	n/a	ordinary	SetVoice@s1.sounddriver.asm:2328-2375
497	1150	17	2	0x72C74	0x1219	124864	1456	0x72C76	56	linear	n/a	ordinary	SetVoice@s1.sounddriver.asm:2328-2375
498	1150	17	2	0x72C76	0x4EBA	124920	1456	0x72722	126	call	target=0x72722	control_flow	SetVoice@s1.sounddriver.asm:2328-2375
499	1150	17	2	0x72722	0x082D	125046	1456	0x72728	112	linear	n/a	ordinary	WriteFMIorII@s1.sounddriver.asm:1712-1717
500	1150	17	2	0x72728	0x6630	125158	1456	0x7275A	70	branch	taken	control_flow	WriteFMIorII@s1.sounddriver.asm:1712-1717
501	1150	17	2	0x7275A	0x142D	125228	1456	0x7275E	84	linear	n/a	ordinary	WriteFMIIPart@s1.sounddriver.asm:1745-1750
502	1150	17	2	0x7275E	0x0882	125312	1456	0x72762	84	linear	n/a	ordinary	WriteFMIIPart@s1.sounddriver.asm:1745-1750
503	1150	17	2	0x72762	0xD002	125396	1456	0x72764	28	linear	n/a	ordinary	WriteFMIIPart@s1.sounddriver.asm:1745-1750
504	1150	17	2	0x72764	0x1439	125424	1456	0x7276A	119	linear	n/a	ordinary,busy_poll	WriteFMII@s1.sounddriver.asm:1752-1769
505	1150	17	2	0x7276A	0x0802	125543	1456	0x7276E	84	linear	n/a	ordinary,busy_poll	WriteFMII@s1.sounddriver.asm:1752-1769
506	1150	17	2	0x7276E	0x66F4	125627	1470	0x72764	70	branch	taken	control_flow	WriteFMII@s1.sounddriver.asm:1752-1769
507	1150	17	2	0x72764	0x1439	125697	1470	0x7276A	119	linear	n/a	ordinary,busy_poll	WriteFMII@s1.sounddriver.asm:1752-1769
508	1150	17	2	0x7276A	0x0802	125816	1470	0x7276E	70	linear	n/a	ordinary,busy_poll	WriteFMII@s1.sounddriver.asm:1752-1769
509	1150	17	2	0x7276E	0x66F4	125886	1470	0x72764	70	branch	taken	control_flow	WriteFMII@s1.sounddriver.asm:1752-1769
510	1150	17	2	0x72764	0x1439	125956	1470	0x7276A	119	linear	n/a	ordinary,busy_poll	WriteFMII@s1.sounddriver.asm:1752-1769
511	1150	17	2	0x7276A	0x0802	126075	1470	0x7276E	70	linear	n/a	ordinary,busy_poll	WriteFMII@s1.sounddriver.asm:1752-1769
512	1150	17	2	0x7276E	0x66F4	126145	1470	0x72770	56	branch	not_taken	control_flow	WriteFMII@s1.sounddriver.asm:1752-1769
513	1150	17	2	0x72770	0x13C0	126201	1470	0x72776	119	linear	n/a	ordinary	WriteFMII@s1.sounddriver.asm:1752-1769
514	1150	17	2	0x72776	0x4E71	126320	1470	0x72778	28	linear	n/a	ordinary	WriteFMII@s1.sounddriver.asm:1752-1769
515	1150	17	2	0x72778	0x4E71	126348	1470	0x7277A	28	linear	n/a	ordinary	WriteFMII@s1.sounddriver.asm:1752-1769
516	1150	17	2	0x7277A	0x4E71	126376	1470	0x7277C	28	linear	n/a	ordinary	WriteFMII@s1.sounddriver.asm:1752-1769
517	1150	17	2	0x7277C	0x1439	126404	1470	0x72782	119	linear	n/a	ordinary,busy_poll	WriteFMII@s1.sounddriver.asm:1752-1769
518	1150	17	2	0x72782	0x0802	126523	1470	0x72786	84	linear	n/a	ordinary,busy_poll	WriteFMII@s1.sounddriver.asm:1752-1769
519	1150	17	2	0x72786	0x66F4	126607	1484	0x72788	56	branch	not_taken	control_flow,busy_poll	WriteFMII@s1.sounddriver.asm:1752-1769
520	1150	17	2	0x72788	0x13C1	126663	1484	0x7278E	119	linear	n/a	ordinary,ym_write	WriteFMII@s1.sounddriver.asm:1752-1769
521	1150	18	2	0x7278E	0x4E75	126782	1484	0x72C7A	112	return	target=0x72C7A	control_flow	WriteFMII@s1.sounddriver.asm:1752-1769
522	1150	18	2	0x72C7A	0x51CB	126894	1484	0x72C72	70	branch	taken	control_flow	SetVoice@s1.sounddriver.asm:2328-2375
523	1150	18	2	0x72C72	0x101A	126964	1484	0x72C74	56	linear	n/a	ordinary	SetVoice@s1.sounddriver.asm:2328-2375
524	1150	18	2	0x72C74	0x1219	127020	1484	0x72C76	56	linear	n/a	ordinary	SetVoice@s1.sounddriver.asm:2328-2375
525	1150	18	2	0x72C76	0x4EBA	127076	1484	0x72722	126	call	target=0x72722	control_flow	SetVoice@s1.sounddriver.asm:2328-2375
526	1150	18	2	0x72722	0x082D	127202	1484	0x72728	112	linear	n/a	ordinary	WriteFMIorII@s1.sounddriver.asm:1712-1717
527	1150	18	2	0x72728	0x6630	127314	1484	0x7275A	70	branch	taken	control_flow	WriteFMIorII@s1.sounddriver.asm:1712-1717
528	1150	18	2	0x7275A	0x142D	127384	1484	0x7275E	84	linear	n/a	ordinary	WriteFMIIPart@s1.sounddriver.asm:1745-1750
529	1150	18	2	0x7275E	0x0882	127468	1484	0x72762	98	linear	n/a	ordinary	WriteFMIIPart@s1.sounddriver.asm:1745-1750
530	1150	18	2	0x72762	0xD002	127566	1498	0x72764	28	linear	n/a	ordinary	WriteFMIIPart@s1.sounddriver.asm:1745-1750
531	1150	18	2	0x72764	0x1439	127594	1498	0x7276A	119	linear	n/a	ordinary,busy_poll	WriteFMII@s1.sounddriver.asm:1752-1769
532	1150	18	2	0x7276A	0x0802	127713	1498	0x7276E	70	linear	n/a	ordinary,busy_poll	WriteFMII@s1.sounddriver.asm:1752-1769
533	1150	18	2	0x7276E	0x66F4	127783	1498	0x72764	70	branch	taken	control_flow	WriteFMII@s1.sounddriver.asm:1752-1769
534	1150	18	2	0x72764	0x1439	127853	1498	0x7276A	119	linear	n/a	ordinary,busy_poll	WriteFMII@s1.sounddriver.asm:1752-1769
535	1150	18	2	0x7276A	0x0802	127972	1498	0x7276E	70	linear	n/a	ordinary,busy_poll	WriteFMII@s1.sounddriver.asm:1752-1769
536	1150	18	2	0x7276E	0x66F4	128042	1498	0x72764	70	branch	taken	control_flow	WriteFMII@s1.sounddriver.asm:1752-1769
537	1150	18	2	0x72764	0x1439	128112	1498	0x7276A	119	linear	n/a	ordinary,busy_poll	WriteFMII@s1.sounddriver.asm:1752-1769
538	1150	18	2	0x7276A	0x0802	128231	1498	0x7276E	70	linear	n/a	ordinary,busy_poll	WriteFMII@s1.sounddriver.asm:1752-1769
539	1150	18	2	0x7276E	0x66F4	128301	1498	0x72770	56	branch	not_taken	control_flow	WriteFMII@s1.sounddriver.asm:1752-1769
540	1150	18	2	0x72770	0x13C0	128357	1498	0x72776	119	linear	n/a	ordinary	WriteFMII@s1.sounddriver.asm:1752-1769
541	1150	18	2	0x72776	0x4E71	128476	1498	0x72778	42	linear	n/a	ordinary	WriteFMII@s1.sounddriver.asm:1752-1769
542	1150	18	2	0x72778	0x4E71	128518	1512	0x7277A	28	linear	n/a	ordinary	WriteFMII@s1.sounddriver.asm:1752-1769
543	1150	18	2	0x7277A	0x4E71	128546	1512	0x7277C	28	linear	n/a	ordinary	WriteFMII@s1.sounddriver.asm:1752-1769
544	1150	18	2	0x7277C	0x1439	128574	1512	0x72782	119	linear	n/a	ordinary,busy_poll	WriteFMII@s1.sounddriver.asm:1752-1769
545	1150	18	2	0x72782	0x0802	128693	1512	0x72786	70	linear	n/a	ordinary,busy_poll	WriteFMII@s1.sounddriver.asm:1752-1769
546	1150	18	2	0x72786	0x66F4	128763	1512	0x72788	56	branch	not_taken	control_flow,busy_poll	WriteFMII@s1.sounddriver.asm:1752-1769
547	1150	18	2	0x72788	0x13C1	128819	1512	0x7278E	119	linear	n/a	ordinary,ym_write	WriteFMII@s1.sounddriver.asm:1752-1769
548	1150	19	2	0x7278E	0x4E75	128938	1512	0x72C7A	112	return	target=0x72C7A	control_flow	WriteFMII@s1.sounddriver.asm:1752-1769
549	1150	19	2	0x72C7A	0x51CB	129050	1512	0x72C72	70	branch	taken	control_flow	SetVoice@s1.sounddriver.asm:2328-2375
550	1150	19	2	0x72C72	0x101A	129120	1512	0x72C74	56	linear	n/a	ordinary	SetVoice@s1.sounddriver.asm:2328-2375
551	1150	19	2	0x72C74	0x1219	129176	1512	0x72C76	56	linear	n/a	ordinary	SetVoice@s1.sounddriver.asm:2328-2375
552	1150	19	2	0x72C76	0x4EBA	129232	1512	0x72722	126	call	target=0x72722	control_flow	SetVoice@s1.sounddriver.asm:2328-2375
553	1150	19	2	0x72722	0x082D	129358	1512	0x72728	112	linear	n/a	ordinary	WriteFMIorII@s1.sounddriver.asm:1712-1717
554	1150	19	2	0x72728	0x6630	129470	1512	0x7275A	84	branch	taken	control_flow	WriteFMIorII@s1.sounddriver.asm:1712-1717
555	1150	19	2	0x7275A	0x142D	129554	1526	0x7275E	84	linear	n/a	ordinary	WriteFMIIPart@s1.sounddriver.asm:1745-1750
556	1150	19	2	0x7275E	0x0882	129638	1526	0x72762	84	linear	n/a	ordinary	WriteFMIIPart@s1.sounddriver.asm:1745-1750
557	1150	19	2	0x72762	0xD002	129722	1526	0x72764	28	linear	n/a	ordinary	WriteFMIIPart@s1.sounddriver.asm:1745-1750
558	1150	19	2	0x72764	0x1439	129750	1526	0x7276A	119	linear	n/a	ordinary,busy_poll	WriteFMII@s1.sounddriver.asm:1752-1769
559	1150	19	2	0x7276A	0x0802	129869	1526	0x7276E	70	linear	n/a	ordinary,busy_poll	WriteFMII@s1.sounddriver.asm:1752-1769
560	1150	19	2	0x7276E	0x66F4	129939	1526	0x72764	70	branch	taken	control_flow	WriteFMII@s1.sounddriver.asm:1752-1769
561	1150	19	2	0x72764	0x1439	130009	1526	0x7276A	119	linear	n/a	ordinary,busy_poll	WriteFMII@s1.sounddriver.asm:1752-1769
562	1150	19	2	0x7276A	0x0802	130128	1526	0x7276E	70	linear	n/a	ordinary,busy_poll	WriteFMII@s1.sounddriver.asm:1752-1769
563	1150	19	2	0x7276E	0x66F4	130198	1526	0x72764	70	branch	taken	control_flow	WriteFMII@s1.sounddriver.asm:1752-1769
564	1150	19	2	0x72764	0x1439	130268	1526	0x7276A	119	linear	n/a	ordinary,busy_poll	WriteFMII@s1.sounddriver.asm:1752-1769
565	1150	19	2	0x7276A	0x0802	130387	1526	0x7276E	84	linear	n/a	ordinary,busy_poll	WriteFMII@s1.sounddriver.asm:1752-1769
566	1150	19	2	0x7276E	0x66F4	130471	1540	0x72770	56	branch	not_taken	control_flow	WriteFMII@s1.sounddriver.asm:1752-1769
567	1150	19	2	0x72770	0x13C0	130527	1540	0x72776	119	linear	n/a	ordinary	WriteFMII@s1.sounddriver.asm:1752-1769
568	1150	19	2	0x72776	0x4E71	130646	1540	0x72778	28	linear	n/a	ordinary	WriteFMII@s1.sounddriver.asm:1752-1769
569	1150	19	2	0x72778	0x4E71	130674	1540	0x7277A	28	linear	n/a	ordinary	WriteFMII@s1.sounddriver.asm:1752-1769
570	1150	19	2	0x7277A	0x4E71	130702	1540	0x7277C	28	linear	n/a	ordinary	WriteFMII@s1.sounddriver.asm:1752-1769
571	1150	19	2	0x7277C	0x1439	130730	1540	0x72782	119	linear	n/a	ordinary,busy_poll	WriteFMII@s1.sounddriver.asm:1752-1769
572	1150	19	2	0x72782	0x0802	130849	1540	0x72786	70	linear	n/a	ordinary,busy_poll	WriteFMII@s1.sounddriver.asm:1752-1769
573	1150	19	2	0x72786	0x66F4	130919	1540	0x72788	56	branch	not_taken	control_flow,busy_poll	WriteFMII@s1.sounddriver.asm:1752-1769
574	1150	19	2	0x72788	0x13C1	130975	1540	0x7278E	119	linear	n/a	ordinary,ym_write	WriteFMII@s1.sounddriver.asm:1752-1769
575	1150	20	2	0x7278E	0x4E75	131094	1540	0x72C7A	112	return	target=0x72C7A	control_flow	WriteFMII@s1.sounddriver.asm:1752-1769
576	1150	20	2	0x72C7A	0x51CB	131206	1540	0x72C7E	98	branch	not_taken	control_flow	SetVoice@s1.sounddriver.asm:2328-2375
577	1150	20	2	0x72C7E	0x7A03	131304	1540	0x72C80	42	linear	n/a	ordinary	SetVoice@s1.sounddriver.asm:2328-2375
578	1150	20	2	0x72C80	0x0244	131346	1554	0x72C84	56	linear	n/a	ordinary	SetVoice@s1.sounddriver.asm:2328-2375
579	1150	20	2	0x72C84	0x183B	131402	1554	0x72C88	98	linear	n/a	ordinary	SetVoice@s1.sounddriver.asm:2328-2375
580	1150	20	2	0x72C88	0x162D	131500	1554	0x72C8C	84	linear	n/a	ordinary	SetVoice@s1.sounddriver.asm:2328-2375
581	1150	20	2	0x72C8C	0x101A	131584	1554	0x72C8E	56	linear	n/a	ordinary	SetVoice@s1.sounddriver.asm:2328-2375
582	1150	20	2	0x72C8E	0x1219	131640	1554	0x72C90	56	linear	n/a	ordinary	SetVoice@s1.sounddriver.asm:2328-2375
583	1150	20	2	0x72C90	0xE20C	131696	1554	0x72C92	56	linear	n/a	ordinary	SetVoice@s1.sounddriver.asm:2328-2375
584	1150	20	2	0x72C92	0x6402	131752	1554	0x72C96	70	branch	taken	control_flow	SetVoice@s1.sounddriver.asm:2328-2375
585	1150	20	2	0x72C96	0x4EBA	131822	1554	0x72722	126	call	target=0x72722	control_flow	SetVoice@s1.sounddriver.asm:2328-2375
586	1150	20	2	0x72722	0x082D	131948	1554	0x72728	112	linear	n/a	ordinary	WriteFMIorII@s1.sounddriver.asm:1712-1717
587	1150	20	2	0x72728	0x6630	132060	1554	0x7275A	70	branch	taken	control_flow	WriteFMIorII@s1.sounddriver.asm:1712-1717
588	1150	20	2	0x7275A	0x142D	132130	1554	0x7275E	84	linear	n/a	ordinary	WriteFMIIPart@s1.sounddriver.asm:1745-1750
589	1150	20	2	0x7275E	0x0882	132214	1554	0x72762	98	linear	n/a	ordinary	WriteFMIIPart@s1.sounddriver.asm:1745-1750
590	1150	20	2	0x72762	0xD002	132312	1568	0x72764	28	linear	n/a	ordinary	WriteFMIIPart@s1.sounddriver.asm:1745-1750
591	1150	20	2	0x72764	0x1439	132340	1568	0x7276A	119	linear	n/a	ordinary,busy_poll	WriteFMII@s1.sounddriver.asm:1752-1769
592	1150	20	2	0x7276A	0x0802	132459	1568	0x7276E	70	linear	n/a	ordinary,busy_poll	WriteFMII@s1.sounddriver.asm:1752-1769
593	1150	20	2	0x7276E	0x66F4	132529	1568	0x72770	56	branch	not_taken	control_flow	WriteFMII@s1.sounddriver.asm:1752-1769
594	1150	20	2	0x72770	0x13C0	132585	1568	0x72776	119	linear	n/a	ordinary	WriteFMII@s1.sounddriver.asm:1752-1769
595	1150	20	2	0x72776	0x4E71	132704	1568	0x72778	28	linear	n/a	ordinary	WriteFMII@s1.sounddriver.asm:1752-1769
596	1150	20	2	0x72778	0x4E71	132732	1568	0x7277A	28	linear	n/a	ordinary	WriteFMII@s1.sounddriver.asm:1752-1769
597	1150	20	2	0x7277A	0x4E71	132760	1568	0x7277C	28	linear	n/a	ordinary	WriteFMII@s1.sounddriver.asm:1752-1769
598	1150	20	2	0x7277C	0x1439	132788	1568	0x72782	119	linear	n/a	ordinary,busy_poll	WriteFMII@s1.sounddriver.asm:1752-1769
599	1150	20	2	0x72782	0x0802	132907	1568	0x72786	70	linear	n/a	ordinary,busy_poll	WriteFMII@s1.sounddriver.asm:1752-1769
600	1150	20	2	0x72786	0x66F4	132977	1568	0x72788	56	branch	not_taken	control_flow,busy_poll	WriteFMII@s1.sounddriver.asm:1752-1769
601	1150	20	2	0x72788	0x13C1	133033	1568	0x7278E	119	linear	n/a	ordinary,ym_write	WriteFMII@s1.sounddriver.asm:1752-1769
602	1150	21	2	0x7278E	0x4E75	133152	1568	0x72C9A	126	return	target=0x72C9A	control_flow	WriteFMII@s1.sounddriver.asm:1752-1769
603	1150	21	2	0x72C9A	0x51CD	133278	1582	0x72C8C	70	branch	taken	control_flow	SetVoice@s1.sounddriver.asm:2328-2375
604	1150	21	2	0x72C8C	0x101A	133348	1582	0x72C8E	56	linear	n/a	ordinary	SetVoice@s1.sounddriver.asm:2328-2375
605	1150	21	2	0x72C8E	0x1219	133404	1582	0x72C90	56	linear	n/a	ordinary	SetVoice@s1.sounddriver.asm:2328-2375
606	1150	21	2	0x72C90	0xE20C	133460	1582	0x72C92	56	linear	n/a	ordinary	SetVoice@s1.sounddriver.asm:2328-2375
607	1150	21	2	0x72C92	0x6402	133516	1582	0x72C94	56	branch	not_taken	control_flow	SetVoice@s1.sounddriver.asm:2328-2375
608	1150	21	2	0x72C94	0xD203	133572	1582	0x72C96	28	linear	n/a	ordinary	SetVoice@s1.sounddriver.asm:2328-2375
609	1150	21	2	0x72C96	0x4EBA	133600	1582	0x72722	126	call	target=0x72722	control_flow	SetVoice@s1.sounddriver.asm:2328-2375
610	1150	21	2	0x72722	0x082D	133726	1582	0x72728	112	linear	n/a	ordinary	WriteFMIorII@s1.sounddriver.asm:1712-1717
611	1150	21	2	0x72728	0x6630	133838	1582	0x7275A	70	branch	taken	control_flow	WriteFMIorII@s1.sounddriver.asm:1712-1717
612	1150	21	2	0x7275A	0x142D	133908	1582	0x7275E	84	linear	n/a	ordinary	WriteFMIIPart@s1.sounddriver.asm:1745-1750
613	1150	21	2	0x7275E	0x0882	133992	1582	0x72762	84	linear	n/a	ordinary	WriteFMIIPart@s1.sounddriver.asm:1745-1750
614	1150	21	2	0x72762	0xD002	134076	1582	0x72764	42	linear	n/a	ordinary	WriteFMIIPart@s1.sounddriver.asm:1745-1750
615	1150	21	2	0x72764	0x1439	134118	1596	0x7276A	119	linear	n/a	ordinary,busy_poll	WriteFMII@s1.sounddriver.asm:1752-1769
616	1150	21	2	0x7276A	0x0802	134237	1596	0x7276E	70	linear	n/a	ordinary,busy_poll	WriteFMII@s1.sounddriver.asm:1752-1769
617	1150	21	2	0x7276E	0x66F4	134307	1596	0x72764	70	branch	taken	control_flow	WriteFMII@s1.sounddriver.asm:1752-1769
618	1150	21	2	0x72764	0x1439	134377	1596	0x7276A	119	linear	n/a	ordinary,busy_poll	WriteFMII@s1.sounddriver.asm:1752-1769
619	1150	21	2	0x7276A	0x0802	134496	1596	0x7276E	70	linear	n/a	ordinary,busy_poll	WriteFMII@s1.sounddriver.asm:1752-1769
620	1150	21	2	0x7276E	0x66F4	134566	1596	0x72764	70	branch	taken	control_flow	WriteFMII@s1.sounddriver.asm:1752-1769
621	1150	21	2	0x72764	0x1439	134636	1596	0x7276A	119	linear	n/a	ordinary,busy_poll	WriteFMII@s1.sounddriver.asm:1752-1769
622	1150	21	2	0x7276A	0x0802	134755	1596	0x7276E	70	linear	n/a	ordinary,busy_poll	WriteFMII@s1.sounddriver.asm:1752-1769
623	1150	21	2	0x7276E	0x66F4	134825	1596	0x72770	56	branch	not_taken	control_flow	WriteFMII@s1.sounddriver.asm:1752-1769
624	1150	21	2	0x72770	0x13C0	134881	1596	0x72776	119	linear	n/a	ordinary	WriteFMII@s1.sounddriver.asm:1752-1769
625	1150	21	2	0x72776	0x4E71	135000	1596	0x72778	42	linear	n/a	ordinary	WriteFMII@s1.sounddriver.asm:1752-1769
626	1150	21	2	0x72778	0x4E71	135042	1610	0x7277A	28	linear	n/a	ordinary	WriteFMII@s1.sounddriver.asm:1752-1769
627	1150	21	2	0x7277A	0x4E71	135070	1610	0x7277C	28	linear	n/a	ordinary	WriteFMII@s1.sounddriver.asm:1752-1769
628	1150	21	2	0x7277C	0x1439	135098	1610	0x72782	119	linear	n/a	ordinary,busy_poll	WriteFMII@s1.sounddriver.asm:1752-1769
629	1150	21	2	0x72782	0x0802	135217	1610	0x72786	70	linear	n/a	ordinary,busy_poll	WriteFMII@s1.sounddriver.asm:1752-1769
630	1150	21	2	0x72786	0x66F4	135287	1610	0x72788	56	branch	not_taken	control_flow,busy_poll	WriteFMII@s1.sounddriver.asm:1752-1769
631	1150	21	2	0x72788	0x13C1	135343	1610	0x7278E	119	linear	n/a	ordinary,ym_write	WriteFMII@s1.sounddriver.asm:1752-1769
632	1150	22	2	0x7278E	0x4E75	135462	1610	0x72C9A	112	return	target=0x72C9A	control_flow	WriteFMII@s1.sounddriver.asm:1752-1769
633	1150	22	2	0x72C9A	0x51CD	135574	1610	0x72C8C	70	branch	taken	control_flow	SetVoice@s1.sounddriver.asm:2328-2375
634	1150	22	2	0x72C8C	0x101A	135644	1610	0x72C8E	56	linear	n/a	ordinary	SetVoice@s1.sounddriver.asm:2328-2375
635	1150	22	2	0x72C8E	0x1219	135700	1610	0x72C90	56	linear	n/a	ordinary	SetVoice@s1.sounddriver.asm:2328-2375
636	1150	22	2	0x72C90	0xE20C	135756	1610	0x72C92	56	linear	n/a	ordinary	SetVoice@s1.sounddriver.asm:2328-2375
637	1150	22	2	0x72C92	0x6402	135812	1610	0x72C96	70	branch	taken	control_flow	SetVoice@s1.sounddriver.asm:2328-2375
638	1150	22	2	0x72C96	0x4EBA	135882	1610	0x72722	126	call	target=0x72722	control_flow	SetVoice@s1.sounddriver.asm:2328-2375
639	1150	22	2	0x72722	0x082D	136008	1610	0x72728	126	linear	n/a	ordinary	WriteFMIorII@s1.sounddriver.asm:1712-1717
640	1150	22	2	0x72728	0x6630	136134	1624	0x7275A	70	branch	taken	control_flow	WriteFMIorII@s1.sounddriver.asm:1712-1717
641	1150	22	2	0x7275A	0x142D	136204	1624	0x7275E	84	linear	n/a	ordinary	WriteFMIIPart@s1.sounddriver.asm:1745-1750
642	1150	22	2	0x7275E	0x0882	136288	1624	0x72762	84	linear	n/a	ordinary	WriteFMIIPart@s1.sounddriver.asm:1745-1750
643	1150	22	2	0x72762	0xD002	136372	1624	0x72764	28	linear	n/a	ordinary	WriteFMIIPart@s1.sounddriver.asm:1745-1750
644	1150	22	2	0x72764	0x1439	136400	1624	0x7276A	119	linear	n/a	ordinary,busy_poll	WriteFMII@s1.sounddriver.asm:1752-1769
645	1150	22	2	0x7276A	0x0802	136519	1624	0x7276E	70	linear	n/a	ordinary,busy_poll	WriteFMII@s1.sounddriver.asm:1752-1769
646	1150	22	2	0x7276E	0x66F4	136589	1624	0x72764	70	branch	taken	control_flow	WriteFMII@s1.sounddriver.asm:1752-1769
647	1150	22	2	0x72764	0x1439	136659	1624	0x7276A	119	linear	n/a	ordinary,busy_poll	WriteFMII@s1.sounddriver.asm:1752-1769
648	1150	22	2	0x7276A	0x0802	136778	1624	0x7276E	70	linear	n/a	ordinary,busy_poll	WriteFMII@s1.sounddriver.asm:1752-1769
649	1150	22	2	0x7276E	0x66F4	136848	1624	0x72764	70	branch	taken	control_flow	WriteFMII@s1.sounddriver.asm:1752-1769
650	1150	22	2	0x72764	0x1439	136918	1624	0x7276A	133	linear	n/a	ordinary,busy_poll	WriteFMII@s1.sounddriver.asm:1752-1769
651	1150	22	2	0x7276A	0x0802	137051	1638	0x7276E	70	linear	n/a	ordinary,busy_poll	WriteFMII@s1.sounddriver.asm:1752-1769
652	1150	22	2	0x7276E	0x66F4	137121	1638	0x72770	56	branch	not_taken	control_flow	WriteFMII@s1.sounddriver.asm:1752-1769
653	1150	22	2	0x72770	0x13C0	137177	1638	0x72776	119	linear	n/a	ordinary	WriteFMII@s1.sounddriver.asm:1752-1769
654	1150	22	2	0x72776	0x4E71	137296	1638	0x72778	28	linear	n/a	ordinary	WriteFMII@s1.sounddriver.asm:1752-1769
655	1150	22	2	0x72778	0x4E71	137324	1638	0x7277A	28	linear	n/a	ordinary	WriteFMII@s1.sounddriver.asm:1752-1769
656	1150	22	2	0x7277A	0x4E71	137352	1638	0x7277C	28	linear	n/a	ordinary	WriteFMII@s1.sounddriver.asm:1752-1769
657	1150	22	2	0x7277C	0x1439	137380	1638	0x72782	119	linear	n/a	ordinary,busy_poll	WriteFMII@s1.sounddriver.asm:1752-1769
658	1150	22	2	0x72782	0x0802	137499	1638	0x72786	70	linear	n/a	ordinary,busy_poll	WriteFMII@s1.sounddriver.asm:1752-1769
659	1150	22	2	0x72786	0x66F4	137569	1638	0x72788	56	branch	not_taken	control_flow,busy_poll	WriteFMII@s1.sounddriver.asm:1752-1769
660	1150	22	2	0x72788	0x13C1	137625	1638	0x7278E	119	linear	n/a	ordinary,ym_write	WriteFMII@s1.sounddriver.asm:1752-1769
661	1150	23	2	0x7278E	0x4E75	137744	1638	0x72C9A	112	return	target=0x72C9A	control_flow	WriteFMII@s1.sounddriver.asm:1752-1769
662	1150	23	2	0x72C9A	0x51CD	137856	1638	0x72C8C	84	branch	taken	control_flow	SetVoice@s1.sounddriver.asm:2328-2375
663	1150	23	2	0x72C8C	0x101A	137940	1652	0x72C8E	56	linear	n/a	ordinary	SetVoice@s1.sounddriver.asm:2328-2375
664	1150	23	2	0x72C8E	0x1219	137996	1652	0x72C90	56	linear	n/a	ordinary	SetVoice@s1.sounddriver.asm:2328-2375
665	1150	23	2	0x72C90	0xE20C	138052	1652	0x72C92	56	linear	n/a	ordinary	SetVoice@s1.sounddriver.asm:2328-2375
666	1150	23	2	0x72C92	0x6402	138108	1652	0x72C94	56	branch	not_taken	control_flow	SetVoice@s1.sounddriver.asm:2328-2375
667	1150	23	2	0x72C94	0xD203	138164	1652	0x72C96	28	linear	n/a	ordinary	SetVoice@s1.sounddriver.asm:2328-2375
668	1150	23	2	0x72C96	0x4EBA	138192	1652	0x72722	126	call	target=0x72722	control_flow	SetVoice@s1.sounddriver.asm:2328-2375
669	1150	23	2	0x72722	0x082D	138318	1652	0x72728	112	linear	n/a	ordinary	WriteFMIorII@s1.sounddriver.asm:1712-1717
670	1150	23	2	0x72728	0x6630	138430	1652	0x7275A	70	branch	taken	control_flow	WriteFMIorII@s1.sounddriver.asm:1712-1717
671	1150	23	2	0x7275A	0x142D	138500	1652	0x7275E	84	linear	n/a	ordinary	WriteFMIIPart@s1.sounddriver.asm:1745-1750
672	1150	23	2	0x7275E	0x0882	138584	1652	0x72762	84	linear	n/a	ordinary	WriteFMIIPart@s1.sounddriver.asm:1745-1750
673	1150	23	2	0x72762	0xD002	138668	1652	0x72764	28	linear	n/a	ordinary	WriteFMIIPart@s1.sounddriver.asm:1745-1750
674	1150	23	2	0x72764	0x1439	138696	1652	0x7276A	119	linear	n/a	ordinary,busy_poll	WriteFMII@s1.sounddriver.asm:1752-1769
675	1150	23	2	0x7276A	0x0802	138815	1652	0x7276E	84	linear	n/a	ordinary,busy_poll	WriteFMII@s1.sounddriver.asm:1752-1769
676	1150	23	2	0x7276E	0x66F4	138899	1666	0x72764	70	branch	taken	control_flow	WriteFMII@s1.sounddriver.asm:1752-1769
677	1150	23	2	0x72764	0x1439	138969	1666	0x7276A	119	linear	n/a	ordinary,busy_poll	WriteFMII@s1.sounddriver.asm:1752-1769
678	1150	23	2	0x7276A	0x0802	139088	1666	0x7276E	70	linear	n/a	ordinary,busy_poll	WriteFMII@s1.sounddriver.asm:1752-1769
679	1150	23	2	0x7276E	0x66F4	139158	1666	0x72764	70	branch	taken	control_flow	WriteFMII@s1.sounddriver.asm:1752-1769
680	1150	23	2	0x72764	0x1439	139228	1666	0x7276A	119	linear	n/a	ordinary,busy_poll	WriteFMII@s1.sounddriver.asm:1752-1769
681	1150	23	2	0x7276A	0x0802	139347	1666	0x7276E	70	linear	n/a	ordinary,busy_poll	WriteFMII@s1.sounddriver.asm:1752-1769
682	1150	23	2	0x7276E	0x66F4	139417	1666	0x72770	56	branch	not_taken	control_flow	WriteFMII@s1.sounddriver.asm:1752-1769
683	1150	23	2	0x72770	0x13C0	139473	1666	0x72776	119	linear	n/a	ordinary	WriteFMII@s1.sounddriver.asm:1752-1769
684	1150	23	2	0x72776	0x4E71	139592	1666	0x72778	28	linear	n/a	ordinary	WriteFMII@s1.sounddriver.asm:1752-1769
685	1150	23	2	0x72778	0x4E71	139620	1666	0x7277A	28	linear	n/a	ordinary	WriteFMII@s1.sounddriver.asm:1752-1769
686	1150	23	2	0x7277A	0x4E71	139648	1666	0x7277C	28	linear	n/a	ordinary	WriteFMII@s1.sounddriver.asm:1752-1769
687	1150	23	2	0x7277C	0x1439	139676	1666	0x72782	119	linear	n/a	ordinary,busy_poll	WriteFMII@s1.sounddriver.asm:1752-1769
688	1150	23	2	0x72782	0x0802	139795	1666	0x72786	84	linear	n/a	ordinary,busy_poll	WriteFMII@s1.sounddriver.asm:1752-1769
689	1150	23	2	0x72786	0x66F4	139879	1680	0x72788	56	branch	not_taken	control_flow,busy_poll	WriteFMII@s1.sounddriver.asm:1752-1769
690	1150	23	2	0x72788	0x13C1	139935	1680	0x7278E	119	linear	n/a	ordinary,ym_write	WriteFMII@s1.sounddriver.asm:1752-1769
691	1150	24	2	0x7278E	0x4E75	140054	1680	0x72C9A	112	return	target=0x72C9A	control_flow	WriteFMII@s1.sounddriver.asm:1752-1769
692	1150	24	2	0x72C9A	0x51CD	140166	1680	0x72C9E	98	branch	not_taken	control_flow	SetVoice@s1.sounddriver.asm:2328-2375
693	1150	24	2	0x72C9E	0x103C	140264	1680	0x72CA2	56	linear	n/a	ordinary	SetVoice@s1.sounddriver.asm:2328-2375
694	1150	24	2	0x72CA2	0x122D	140320	1680	0x72CA6	84	linear	n/a	ordinary	SetVoice@s1.sounddriver.asm:2328-2375
695	1150	24	2	0x72CA6	0x4EBA	140404	1680	0x72722	126	call	target=0x72722	control_flow	SetVoice@s1.sounddriver.asm:2328-2375
696	1150	24	2	0x72722	0x082D	140530	1680	0x72728	112	linear	n/a	ordinary	WriteFMIorII@s1.sounddriver.asm:1712-1717
697	1150	24	2	0x72728	0x6630	140642	1680	0x7275A	70	branch	taken	control_flow	WriteFMIorII@s1.sounddriver.asm:1712-1717
698	1150	24	2	0x7275A	0x142D	140712	1680	0x7275E	98	linear	n/a	ordinary	WriteFMIIPart@s1.sounddriver.asm:1745-1750
699	1150	24	2	0x7275E	0x0882	140810	1694	0x72762	84	linear	n/a	ordinary	WriteFMIIPart@s1.sounddriver.asm:1745-1750
700	1150	24	2	0x72762	0xD002	140894	1694	0x72764	28	linear	n/a	ordinary	WriteFMIIPart@s1.sounddriver.asm:1745-1750
701	1150	24	2	0x72764	0x1439	140922	1694	0x7276A	119	linear	n/a	ordinary,busy_poll	WriteFMII@s1.sounddriver.asm:1752-1769
702	1150	24	2	0x7276A	0x0802	141041	1694	0x7276E	70	linear	n/a	ordinary,busy_poll	WriteFMII@s1.sounddriver.asm:1752-1769
703	1150	24	2	0x7276E	0x66F4	141111	1694	0x72764	70	branch	taken	control_flow	WriteFMII@s1.sounddriver.asm:1752-1769
704	1150	24	2	0x72764	0x1439	141181	1694	0x7276A	119	linear	n/a	ordinary,busy_poll	WriteFMII@s1.sounddriver.asm:1752-1769
705	1150	24	2	0x7276A	0x0802	141300	1694	0x7276E	70	linear	n/a	ordinary,busy_poll	WriteFMII@s1.sounddriver.asm:1752-1769
706	1150	24	2	0x7276E	0x66F4	141370	1694	0x72764	70	branch	taken	control_flow	WriteFMII@s1.sounddriver.asm:1752-1769
707	1150	24	2	0x72764	0x1439	141440	1694	0x7276A	119	linear	n/a	ordinary,busy_poll	WriteFMII@s1.sounddriver.asm:1752-1769
708	1150	24	2	0x7276A	0x0802	141559	1694	0x7276E	70	linear	n/a	ordinary,busy_poll	WriteFMII@s1.sounddriver.asm:1752-1769
709	1150	24	2	0x7276E	0x66F4	141629	1694	0x72770	70	branch	not_taken	control_flow	WriteFMII@s1.sounddriver.asm:1752-1769
710	1150	24	2	0x72770	0x13C0	141699	1708	0x72776	119	linear	n/a	ordinary	WriteFMII@s1.sounddriver.asm:1752-1769
711	1150	24	2	0x72776	0x4E71	141818	1708	0x72778	28	linear	n/a	ordinary	WriteFMII@s1.sounddriver.asm:1752-1769
712	1150	24	2	0x72778	0x4E71	141846	1708	0x7277A	28	linear	n/a	ordinary	WriteFMII@s1.sounddriver.asm:1752-1769
713	1150	24	2	0x7277A	0x4E71	141874	1708	0x7277C	28	linear	n/a	ordinary	WriteFMII@s1.sounddriver.asm:1752-1769
714	1150	24	2	0x7277C	0x1439	141902	1708	0x72782	119	linear	n/a	ordinary,busy_poll	WriteFMII@s1.sounddriver.asm:1752-1769
715	1150	24	2	0x72782	0x0802	142021	1708	0x72786	70	linear	n/a	ordinary,busy_poll	WriteFMII@s1.sounddriver.asm:1752-1769
716	1150	24	2	0x72786	0x66F4	142091	1708	0x72788	56	branch	not_taken	control_flow,busy_poll	WriteFMII@s1.sounddriver.asm:1752-1769
717	1150	24	2	0x72788	0x13C1	142147	1708	0x7278E	119	linear	n/a	ordinary,ym_write	WriteFMII@s1.sounddriver.asm:1752-1769
718	1150	25	2	0x7278E	0x4E75	142266	1708	0x72CAA	112	return	target=0x72CAA	control_flow	WriteFMII@s1.sounddriver.asm:1752-1769
719	1150	25	2	0x72CAA	0x4E75	142378	1708	0x71D02	112	return	target=0x71D02	control_flow	SetVoice@s1.sounddriver.asm:2328-2375
720	1150	25	2	0x71D02	0x60F0	142490	1708	0x71CF4	70	branch	target=0x71CF4	control_flow	FMDoNext@s1.sounddriver.asm:365-393
721	1150	25	2	0x71CF4	0x7A00	142560	1708	0x71CF6	42	linear	n/a	ordinary	FMDoNext@s1.sounddriver.asm:365-393
722	1150	25	2	0x71CF6	0x1A1C	142602	1722	0x71CF8	56	linear	n/a	ordinary	FMDoNext@s1.sounddriver.asm:365-393
723	1150	25	2	0x71CF8	0x0C05	142658	1722	0x71CFC	56	linear	n/a	ordinary	FMDoNext@s1.sounddriver.asm:365-393
724	1150	25	2	0x71CFC	0x6506	142714	1722	0x71D04	70	branch	taken	control_flow	FMDoNext@s1.sounddriver.asm:365-393
725	1150	25	2	0x71D04	0x4EBA	142784	1722	0x726FE	126	call	target=0x726FE	control_flow	FMDoNext@s1.sounddriver.asm:365-393
726	1150	25	2	0x726FE	0x0815	142910	1722	0x72702	84	linear	n/a	ordinary	FMNoteOff@s1.sounddriver.asm:1683-1698
727	1150	25	2	0x72702	0x6610	142994	1722	0x72704	56	branch	not_taken	control_flow	FMNoteOff@s1.sounddriver.asm:1683-1698
728	1150	25	2	0x72704	0x0815	143050	1722	0x72708	84	linear	n/a	ordinary	FMNoteOff@s1.sounddriver.asm:1683-1698
729	1150	25	2	0x72708	0x660A	143134	1722	0x7270A	56	branch	not_taken	control_flow	FMNoteOff@s1.sounddriver.asm:1683-1698
730	1150	25	2	0x7270A	0x7028	143190	1722	0x7270C	28	linear	n/a	ordinary	FMNoteOff@s1.sounddriver.asm:1683-1698
731	1150	25	2	0x7270C	0x122D	143218	1722	0x72710	84	linear	n/a	ordinary	FMNoteOff@s1.sounddriver.asm:1683-1698
732	1150	25	2	0x72710	0x6000	143302	1722	0x7272E	70	branch	target=0x7272E	control_flow	FMNoteOff@s1.sounddriver.asm:1683-1698
733	1150	25	2	0x7272E	0x1439	143372	1722	0x72734	119	linear	n/a	ordinary,busy_poll	WriteFMI@s1.sounddriver.asm:1725-1742
734	1150	25	2	0x72734	0x0802	143491	1722	0x72738	84	linear	n/a	ordinary,busy_poll	WriteFMI@s1.sounddriver.asm:1725-1742
735	1150	25	2	0x72738	0x66F4	143575	1736	0x7272E	70	branch	taken	control_flow	WriteFMI@s1.sounddriver.asm:1725-1742
736	1150	25	2	0x7272E	0x1439	143645	1736	0x72734	119	linear	n/a	ordinary,busy_poll	WriteFMI@s1.sounddriver.asm:1725-1742
737	1150	25	2	0x72734	0x0802	143764	1736	0x72738	70	linear	n/a	ordinary,busy_poll	WriteFMI@s1.sounddriver.asm:1725-1742
738	1150	25	2	0x72738	0x66F4	143834	1736	0x7273A	56	branch	not_taken	control_flow	WriteFMI@s1.sounddriver.asm:1725-1742
739	1150	25	2	0x7273A	0x13C0	143890	1736	0x72740	119	linear	n/a	ordinary	WriteFMI@s1.sounddriver.asm:1725-1742
740	1150	25	2	0x72740	0x4E71	144009	1736	0x72742	28	linear	n/a	ordinary	WriteFMI@s1.sounddriver.asm:1725-1742
741	1150	25	2	0x72742	0x4E71	144037	1736	0x72744	28	linear	n/a	ordinary	WriteFMI@s1.sounddriver.asm:1725-1742
742	1150	25	2	0x72744	0x4E71	144065	1736	0x72746	28	linear	n/a	ordinary	WriteFMI@s1.sounddriver.asm:1725-1742
743	1150	25	2	0x72746	0x1439	144093	1736	0x7274C	119	linear	n/a	ordinary,busy_poll	WriteFMI@s1.sounddriver.asm:1725-1742
744	1150	25	2	0x7274C	0x0802	144212	1736	0x72750	70	linear	n/a	ordinary,busy_poll	WriteFMI@s1.sounddriver.asm:1725-1742
745	1150	25	2	0x72750	0x66F4	144282	1736	0x72752	56	branch	not_taken	control_flow,busy_poll	WriteFMI@s1.sounddriver.asm:1725-1742
746	1150	25	2	0x72752	0x13C1	144338	1736	0x72758	119	linear	n/a	ordinary,ym_write	WriteFMI@s1.sounddriver.asm:1725-1742
747	1150	26	2	0x72758	0x4E75	144457	1736	0x71D08	126	return	target=0x71D08	control_flow	WriteFMI@s1.sounddriver.asm:1725-1742
748	1150	26	2	0x71D08	0x4A05	144583	1750	0x71D0A	28	linear	n/a	ordinary	FMDoNext@s1.sounddriver.asm:365-393
749	1150	26	2	0x71D0A	0x6A0E	144611	1750	0x71D0C	56	branch	not_taken	control_flow	FMDoNext@s1.sounddriver.asm:365-393
750	1150	26	2	0x71D0C	0x4EBA	144667	1750	0x71D22	126	call	target=0x71D22	control_flow	FMDoNext@s1.sounddriver.asm:365-393
751	1150	26	2	0x71D22	0x0405	144793	1750	0x71D26	56	linear	n/a	ordinary	FMSetFreq@s1.sounddriver.asm:396-407
752	1150	26	2	0x71D26	0x6730	144849	1750	0x71D28	56	branch	not_taken	control_flow	FMSetFreq@s1.sounddriver.asm:396-407
753	1150	26	2	0x71D28	0xDA2D	144905	1750	0x71D2C	84	linear	n/a	ordinary	FMSetFreq@s1.sounddriver.asm:396-407
754	1150	26	2	0x71D2C	0x0245	144989	1750	0x71D30	56	linear	n/a	ordinary	FMSetFreq@s1.sounddriver.asm:396-407
755	1150	26	2	0x71D30	0xE34D	145045	1750	0x71D32	56	linear	n/a	ordinary	FMSetFreq@s1.sounddriver.asm:396-407
756	1150	26	2	0x71D32	0x41FA	145101	1750	0x71D36	56	linear	n/a	ordinary	FMSetFreq@s1.sounddriver.asm:396-407
757	1150	26	2	0x71D36	0x3C30	145157	1750	0x71D3A	98	linear	n/a	ordinary	FMSetFreq@s1.sounddriver.asm:396-407
758	1150	26	2	0x71D3A	0x3B46	145255	1750	0x71D3E	84	linear	n/a	ordinary	FMSetFreq@s1.sounddriver.asm:396-407
759	1150	26	2	0x71D3E	0x4E75	145339	1750	0x71D10	112	return	target=0x71D10	control_flow	FMSetFreq@s1.sounddriver.asm:396-407
760	1150	26	2	0x71D10	0x1A1C	145451	1750	0x71D12	70	linear	n/a	ordinary	FMDoNext@s1.sounddriver.asm:365-393
761	1150	26	2	0x71D12	0x6A06	145521	1764	0x71D1A	70	branch	taken	control_flow	FMDoNext@s1.sounddriver.asm:365-393
762	1150	26	2	0x71D1A	0x4EBA	145591	1764	0x71D40	126	call	target=0x71D40	control_flow	FMDoNext@s1.sounddriver.asm:365-393
763	1150	26	2	0x71D40	0x1005	145717	1764	0x71D42	28	linear	n/a	ordinary	SetDuration@s1.sounddriver.asm:410-426
764	1150	26	2	0x71D42	0x122D	145745	1764	0x71D46	84	linear	n/a	ordinary	SetDuration@s1.sounddriver.asm:410-426
765	1150	26	2	0x71D46	0x5301	145829	1764	0x71D48	28	linear	n/a	ordinary	SetDuration@s1.sounddriver.asm:410-426
766	1150	26	2	0x71D48	0x6704	145857	1764	0x71D4E	70	branch	taken	control_flow	SetDuration@s1.sounddriver.asm:410-426
767	1150	26	2	0x71D4E	0x1B40	145927	1764	0x71D52	84	linear	n/a	ordinary	SetDuration@s1.sounddriver.asm:410-426
768	1150	26	2	0x71D52	0x1B40	146011	1764	0x71D56	84	linear	n/a	ordinary	SetDuration@s1.sounddriver.asm:410-426
769	1150	26	2	0x71D56	0x4E75	146095	1764	0x71D1E	112	return	target=0x71D1E	control_flow	SetDuration@s1.sounddriver.asm:410-426
770	1150	26	2	0x71D1E	0x6000	146207	1764	0x71D60	70	branch	target=0x71D60	control_flow	FMDoNext@s1.sounddriver.asm:365-393
771	1150	26	2	0x71D60	0x2B4C	146277	1764	0x71D64	112	linear	n/a	ordinary	FinishTrackUpdate@s1.sounddriver.asm:435-456
772	1150	26	2	0x71D64	0x1B6D	146389	1764	0x71D6A	154	linear	n/a	ordinary	FinishTrackUpdate@s1.sounddriver.asm:435-456
773	1150	26	2	0x71D6A	0x0815	146543	1778	0x71D6E	84	linear	n/a	ordinary	FinishTrackUpdate@s1.sounddriver.asm:435-456
774	1150	26	2	0x71D6E	0x662C	146627	1778	0x71D70	56	branch	not_taken	control_flow	FinishTrackUpdate@s1.sounddriver.asm:435-456
775	1150	26	2	0x71D70	0x1B6D	146683	1778	0x71D76	140	linear	n/a	ordinary	FinishTrackUpdate@s1.sounddriver.asm:435-456
776	1150	26	2	0x71D76	0x422D	146823	1778	0x71D7A	112	linear	n/a	ordinary	FinishTrackUpdate@s1.sounddriver.asm:435-456
777	1150	26	2	0x71D7A	0x0815	146935	1778	0x71D7E	84	linear	n/a	ordinary	FinishTrackUpdate@s1.sounddriver.asm:435-456
778	1150	26	2	0x71D7E	0x671C	147019	1778	0x71D80	56	branch	not_taken	control_flow	FinishTrackUpdate@s1.sounddriver.asm:435-456
779	1150	26	2	0x71D80	0x206D	147075	1778	0x71D84	112	linear	n/a	ordinary	FinishTrackUpdate@s1.sounddriver.asm:435-456
780	1150	26	2	0x71D84	0x1B58	147187	1778	0x71D88	112	linear	n/a	ordinary	FinishTrackUpdate@s1.sounddriver.asm:435-456
781	1150	26	2	0x71D88	0x1B58	147299	1778	0x71D8C	126	linear	n/a	ordinary	FinishTrackUpdate@s1.sounddriver.asm:435-456
782	1150	26	2	0x71D8C	0x1B58	147425	1792	0x71D90	112	linear	n/a	ordinary	FinishTrackUpdate@s1.sounddriver.asm:435-456
783	1150	26	2	0x71D90	0x1018	147537	1792	0x71D92	56	linear	n/a	ordinary	FinishTrackUpdate@s1.sounddriver.asm:435-456
784	1150	26	2	0x71D92	0xE208	147593	1792	0x71D94	56	linear	n/a	ordinary	FinishTrackUpdate@s1.sounddriver.asm:435-456
785	1150	26	2	0x71D94	0x1B40	147649	1792	0x71D98	84	linear	n/a	ordinary	FinishTrackUpdate@s1.sounddriver.asm:435-456
786	1150	26	2	0x71D98	0x426D	147733	1792	0x71D9C	112	linear	n/a	ordinary	FinishTrackUpdate@s1.sounddriver.asm:435-456
787	1150	26	2	0x71D9C	0x4E75	147845	1792	0x71CD8	112	return	target=0x71CD8	control_flow	FinishTrackUpdate@s1.sounddriver.asm:435-456
788	1150	26	2	0x71CD8	0x4EBA	147957	1792	0x71E18	126	call	target=0x71E18	control_flow	FMUpdateTrack@s1.sounddriver.asm:348-362
789	1150	26	2	0x71E18	0x0815	148083	1792	0x71E1C	84	linear	n/a	ordinary	FMPrepareNote@s1.sounddriver.asm:523-529
790	1150	26	2	0x71E1C	0x662A	148167	1792	0x71E1E	56	branch	not_taken	control_flow	FMPrepareNote@s1.sounddriver.asm:523-529
791	1150	26	2	0x71E1E	0x3C2D	148223	1792	0x71E22	98	linear	n/a	ordinary	FMPrepareNote@s1.sounddriver.asm:523-529
792	1150	26	2	0x71E22	0x6726	148321	1806	0x71E24	56	branch	not_taken	control_flow	FMPrepareNote@s1.sounddriver.asm:523-529
793	1150	26	2	0x71E24	0x102D	148377	1806	0x71E28	84	linear	n/a	ordinary	FMUpdateFreq@s1.sounddriver.asm:529-545
794	1150	26	2	0x71E28	0x4880	148461	1806	0x71E2A	28	linear	n/a	ordinary	FMUpdateFreq@s1.sounddriver.asm:529-545
795	1150	26	2	0x71E2A	0xDC40	148489	1806	0x71E2C	28	linear	n/a	ordinary	FMUpdateFreq@s1.sounddriver.asm:529-545
796	1150	26	2	0x71E2C	0x0815	148517	1806	0x71E30	84	linear	n/a	ordinary	FMUpdateFreq@s1.sounddriver.asm:529-545
797	1150	26	2	0x71E30	0x6616	148601	1806	0x71E32	56	branch	not_taken	control_flow	FMUpdateFreq@s1.sounddriver.asm:529-545
798	1150	26	2	0x71E32	0x3206	148657	1806	0x71E34	28	linear	n/a	ordinary	FMUpdateFreq@s1.sounddriver.asm:529-545
799	1150	26	2	0x71E34	0xE049	148685	1806	0x71E36	154	linear	n/a	ordinary	FMUpdateFreq@s1.sounddriver.asm:529-545
800	1150	26	2	0x71E36	0x103C	148839	1806	0x71E3A	56	linear	n/a	ordinary	FMUpdateFreq@s1.sounddriver.asm:529-545
801	1150	26	2	0x71E3A	0x4EBA	148895	1806	0x72722	126	call	target=0x72722	control_flow	FMUpdateFreq@s1.sounddriver.asm:529-545
802	1150	26	2	0x72722	0x082D	149021	1806	0x72728	112	linear	n/a	ordinary	WriteFMIorII@s1.sounddriver.asm:1712-1717
803	1150	26	2	0x72728	0x6630	149133	1806	0x7275A	84	branch	taken	control_flow	WriteFMIorII@s1.sounddriver.asm:1712-1717
804	1150	26	2	0x7275A	0x142D	149217	1820	0x7275E	84	linear	n/a	ordinary	WriteFMIIPart@s1.sounddriver.asm:1745-1750
805	1150	26	2	0x7275E	0x0882	149301	1820	0x72762	84	linear	n/a	ordinary	WriteFMIIPart@s1.sounddriver.asm:1745-1750
806	1150	26	2	0x72762	0xD002	149385	1820	0x72764	28	linear	n/a	ordinary	WriteFMIIPart@s1.sounddriver.asm:1745-1750
807	1150	26	2	0x72764	0x1439	149413	1820	0x7276A	119	linear	n/a	ordinary,busy_poll	WriteFMII@s1.sounddriver.asm:1752-1769
808	1150	26	2	0x7276A	0x0802	149532	1820	0x7276E	70	linear	n/a	ordinary,busy_poll	WriteFMII@s1.sounddriver.asm:1752-1769
809	1150	26	2	0x7276E	0x66F4	149602	1820	0x72770	56	branch	not_taken	control_flow	WriteFMII@s1.sounddriver.asm:1752-1769
810	1150	26	2	0x72770	0x13C0	149658	1820	0x72776	119	linear	n/a	ordinary	WriteFMII@s1.sounddriver.asm:1752-1769
811	1150	26	2	0x72776	0x4E71	149777	1820	0x72778	28	linear	n/a	ordinary	WriteFMII@s1.sounddriver.asm:1752-1769
812	1150	26	2	0x72778	0x4E71	149805	1820	0x7277A	28	linear	n/a	ordinary	WriteFMII@s1.sounddriver.asm:1752-1769
813	1150	26	2	0x7277A	0x4E71	149833	1820	0x7277C	28	linear	n/a	ordinary	WriteFMII@s1.sounddriver.asm:1752-1769
814	1150	26	2	0x7277C	0x1439	149861	1820	0x72782	119	linear	n/a	ordinary,busy_poll	WriteFMII@s1.sounddriver.asm:1752-1769
815	1150	26	2	0x72782	0x0802	149980	1820	0x72786	70	linear	n/a	ordinary,busy_poll	WriteFMII@s1.sounddriver.asm:1752-1769
816	1150	26	2	0x72786	0x66F4	150050	1820	0x72788	70	branch	not_taken	control_flow,busy_poll	WriteFMII@s1.sounddriver.asm:1752-1769
817	1150	26	2	0x72788	0x13C1	150120	1834	0x7278E	119	linear	n/a	ordinary,ym_write	WriteFMII@s1.sounddriver.asm:1752-1769
818	1150	27	2	0x7278E	0x4E75	150239	1834	0x71E3E	112	return	target=0x71E3E	control_flow	WriteFMII@s1.sounddriver.asm:1752-1769
819	1150	27	2	0x71E3E	0x1206	150351	1834	0x71E40	28	linear	n/a	ordinary	FMUpdateFreq@s1.sounddriver.asm:529-545
820	1150	27	2	0x71E40	0x103C	150379	1834	0x71E44	56	linear	n/a	ordinary	FMUpdateFreq@s1.sounddriver.asm:529-545
821	1150	27	2	0x71E44	0x4EBA	150435	1834	0x72722	126	call	target=0x72722	control_flow	FMUpdateFreq@s1.sounddriver.asm:529-545
822	1150	27	2	0x72722	0x082D	150561	1834	0x72728	112	linear	n/a	ordinary	WriteFMIorII@s1.sounddriver.asm:1712-1717
823	1150	27	2	0x72728	0x6630	150673	1834	0x7275A	70	branch	taken	control_flow	WriteFMIorII@s1.sounddriver.asm:1712-1717
824	1150	27	2	0x7275A	0x142D	150743	1834	0x7275E	84	linear	n/a	ordinary	WriteFMIIPart@s1.sounddriver.asm:1745-1750
825	1150	27	2	0x7275E	0x0882	150827	1834	0x72762	84	linear	n/a	ordinary	WriteFMIIPart@s1.sounddriver.asm:1745-1750
826	1150	27	2	0x72762	0xD002	150911	1834	0x72764	28	linear	n/a	ordinary	WriteFMIIPart@s1.sounddriver.asm:1745-1750
827	1150	27	2	0x72764	0x1439	150939	1834	0x7276A	119	linear	n/a	ordinary,busy_poll	WriteFMII@s1.sounddriver.asm:1752-1769
828	1150	27	2	0x7276A	0x0802	151058	1834	0x7276E	84	linear	n/a	ordinary,busy_poll	WriteFMII@s1.sounddriver.asm:1752-1769
829	1150	27	2	0x7276E	0x66F4	151142	1848	0x72764	70	branch	taken	control_flow	WriteFMII@s1.sounddriver.asm:1752-1769
830	1150	27	2	0x72764	0x1439	151212	1848	0x7276A	119	linear	n/a	ordinary,busy_poll	WriteFMII@s1.sounddriver.asm:1752-1769
831	1150	27	2	0x7276A	0x0802	151331	1848	0x7276E	70	linear	n/a	ordinary,busy_poll	WriteFMII@s1.sounddriver.asm:1752-1769
832	1150	27	2	0x7276E	0x66F4	151401	1848	0x72764	70	branch	taken	control_flow	WriteFMII@s1.sounddriver.asm:1752-1769
833	1150	27	2	0x72764	0x1439	151471	1848	0x7276A	119	linear	n/a	ordinary,busy_poll	WriteFMII@s1.sounddriver.asm:1752-1769
834	1150	27	2	0x7276A	0x0802	151590	1848	0x7276E	70	linear	n/a	ordinary,busy_poll	WriteFMII@s1.sounddriver.asm:1752-1769
835	1150	27	2	0x7276E	0x66F4	151660	1848	0x72764	70	branch	taken	control_flow	WriteFMII@s1.sounddriver.asm:1752-1769
836	1150	27	2	0x72764	0x1439	151730	1848	0x7276A	119	linear	n/a	ordinary,busy_poll	WriteFMII@s1.sounddriver.asm:1752-1769
837	1150	27	2	0x7276A	0x0802	151849	1848	0x7276E	70	linear	n/a	ordinary,busy_poll	WriteFMII@s1.sounddriver.asm:1752-1769
838	1150	27	2	0x7276E	0x66F4	151919	1848	0x72770	56	branch	not_taken	control_flow	WriteFMII@s1.sounddriver.asm:1752-1769
839	1150	27	2	0x72770	0x13C0	151975	1848	0x72776	133	linear	n/a	ordinary	WriteFMII@s1.sounddriver.asm:1752-1769
840	1150	27	2	0x72776	0x4E71	152108	1862	0x72778	28	linear	n/a	ordinary	WriteFMII@s1.sounddriver.asm:1752-1769
841	1150	27	2	0x72778	0x4E71	152136	1862	0x7277A	28	linear	n/a	ordinary	WriteFMII@s1.sounddriver.asm:1752-1769
842	1150	27	2	0x7277A	0x4E71	152164	1862	0x7277C	28	linear	n/a	ordinary	WriteFMII@s1.sounddriver.asm:1752-1769
843	1150	27	2	0x7277C	0x1439	152192	1862	0x72782	119	linear	n/a	ordinary,busy_poll	WriteFMII@s1.sounddriver.asm:1752-1769
844	1150	27	2	0x72782	0x0802	152311	1862	0x72786	70	linear	n/a	ordinary,busy_poll	WriteFMII@s1.sounddriver.asm:1752-1769
845	1150	27	2	0x72786	0x66F4	152381	1862	0x72788	56	branch	not_taken	control_flow,busy_poll	WriteFMII@s1.sounddriver.asm:1752-1769
846	1150	27	2	0x72788	0x13C1	152437	1862	0x7278E	119	linear	n/a	ordinary,ym_write	WriteFMII@s1.sounddriver.asm:1752-1769
847	1150	28	2	0x7278E	0x4E75	152556	1862	0x71E48	112	return	target=0x71E48	control_flow	WriteFMII@s1.sounddriver.asm:1752-1769
848	1150	28	2	0x71E48	0x4E75	152668	1862	0x71CDC	112	return	target=0x71CDC	control_flow	FMUpdateFreq@s1.sounddriver.asm:529-545
849	1150	28	2	0x71CDC	0x6000	152780	1862	0x726E2	70	branch	target=0x726E2	control_flow	FMUpdateTrack@s1.sounddriver.asm:348-362
850	1150	28	2	0x726E2	0x0815	152850	1862	0x726E6	84	linear	n/a	ordinary	FMNoteOn@s1.sounddriver.asm:1667-1680
851	1150	28	2	0x726E6	0x6614	152934	1862	0x726E8	70	branch	not_taken	control_flow	FMNoteOn@s1.sounddriver.asm:1667-1680
852	1150	28	2	0x726E8	0x0815	153004	1876	0x726EC	84	linear	n/a	ordinary	FMNoteOn@s1.sounddriver.asm:1667-1680
853	1150	28	2	0x726EC	0x660E	153088	1876	0x726EE	56	branch	not_taken	control_flow	FMNoteOn@s1.sounddriver.asm:1667-1680
854	1150	28	2	0x726EE	0x7028	153144	1876	0x726F0	28	linear	n/a	ordinary	FMNoteOn@s1.sounddriver.asm:1667-1680
855	1150	28	2	0x726F0	0x122D	153172	1876	0x726F4	84	linear	n/a	ordinary	FMNoteOn@s1.sounddriver.asm:1667-1680
856	1150	28	2	0x726F4	0x0001	153256	1876	0x726F8	56	linear	n/a	ordinary	FMNoteOn@s1.sounddriver.asm:1667-1680
857	1150	28	2	0x726F8	0x6000	153312	1876	0x7272E	70	branch	target=0x7272E	control_flow	FMNoteOn@s1.sounddriver.asm:1667-1680
858	1150	28	2	0x7272E	0x1439	153382	1876	0x72734	119	linear	n/a	ordinary,busy_poll	WriteFMI@s1.sounddriver.asm:1725-1742
859	1150	28	2	0x72734	0x0802	153501	1876	0x72738	70	linear	n/a	ordinary,busy_poll	WriteFMI@s1.sounddriver.asm:1725-1742
860	1150	28	2	0x72738	0x66F4	153571	1876	0x7272E	70	branch	taken	control_flow	WriteFMI@s1.sounddriver.asm:1725-1742
861	1150	28	2	0x7272E	0x1439	153641	1876	0x72734	119	linear	n/a	ordinary,busy_poll	WriteFMI@s1.sounddriver.asm:1725-1742
862	1150	28	2	0x72734	0x0802	153760	1876	0x72738	70	linear	n/a	ordinary,busy_poll	WriteFMI@s1.sounddriver.asm:1725-1742
863	1150	28	2	0x72738	0x66F4	153830	1876	0x7272E	84	branch	taken	control_flow	WriteFMI@s1.sounddriver.asm:1725-1742
864	1150	28	2	0x7272E	0x1439	153914	1890	0x72734	119	linear	n/a	ordinary,busy_poll	WriteFMI@s1.sounddriver.asm:1725-1742
865	1150	28	2	0x72734	0x0802	154033	1890	0x72738	70	linear	n/a	ordinary,busy_poll	WriteFMI@s1.sounddriver.asm:1725-1742
866	1150	28	2	0x72738	0x66F4	154103	1890	0x7273A	56	branch	not_taken	control_flow	WriteFMI@s1.sounddriver.asm:1725-1742
867	1150	28	2	0x7273A	0x13C0	154159	1890	0x72740	119	linear	n/a	ordinary	WriteFMI@s1.sounddriver.asm:1725-1742
868	1150	28	2	0x72740	0x4E71	154278	1890	0x72742	28	linear	n/a	ordinary	WriteFMI@s1.sounddriver.asm:1725-1742
869	1150	28	2	0x72742	0x4E71	154306	1890	0x72744	28	linear	n/a	ordinary	WriteFMI@s1.sounddriver.asm:1725-1742
870	1150	28	2	0x72744	0x4E71	154334	1890	0x72746	28	linear	n/a	ordinary	WriteFMI@s1.sounddriver.asm:1725-1742
871	1150	28	2	0x72746	0x1439	154362	1890	0x7274C	119	linear	n/a	ordinary,busy_poll	WriteFMI@s1.sounddriver.asm:1725-1742
872	1150	28	2	0x7274C	0x0802	154481	1890	0x72750	70	linear	n/a	ordinary,busy_poll	WriteFMI@s1.sounddriver.asm:1725-1742
873	1150	28	2	0x72750	0x66F4	154551	1890	0x72752	56	branch	not_taken	control_flow,busy_poll	WriteFMI@s1.sounddriver.asm:1725-1742
874	1150	28	2	0x72752	0x13C1	154607	1890	key_on	key_on	linear	n/a	ordinary,ym_write	WriteFMI@s1.sounddriver.asm:1725-1742
