occurrence_ordinal	frame	after_source_ordinal	cpu	pc	opcode	start_master_cycle	refresh_delay_total_master_cycles	next_pc	delta_to_next_start	flow	branch_outcome	roles	source
0	978	-1	2	0x72C26	0x7000	157184	1694	0x72C28	28	linear	n/a	ordinary	cfSetVoice@s1.sounddriver.asm:2312-2326
1	978	-1	2	0x72C28	0x101C	157212	1694	0x72C2A	56	linear	n/a	ordinary	cfSetVoice@s1.sounddriver.asm:2312-2326
2	978	-1	2	0x72C2A	0x1B40	157268	1694	0x72C2E	84	linear	n/a	ordinary	cfSetVoice@s1.sounddriver.asm:2312-2326
3	978	-1	2	0x72C2E	0x0815	157352	1694	0x72C32	84	linear	n/a	ordinary	cfSetVoice@s1.sounddriver.asm:2312-2326
4	978	-1	2	0x72C32	0x6600	157436	1694	0x72C36	84	branch	not_taken	control_flow	cfSetVoice@s1.sounddriver.asm:2312-2326
5	978	-1	2	0x72C36	0x226E	157520	1694	0x72C3A	112	linear	n/a	ordinary	cfSetVoice@s1.sounddriver.asm:2312-2326
6	978	-1	2	0x72C3A	0x4A2E	157632	1694	0x72C3E	84	linear	n/a	ordinary	cfSetVoice@s1.sounddriver.asm:2312-2326
7	978	-1	2	0x72C3E	0x670E	157716	1694	0x72C40	56	branch	not_taken	control_flow	cfSetVoice@s1.sounddriver.asm:2312-2326
8	978	-1	2	0x72C40	0x226D	157772	1694	0x72C44	112	linear	n/a	ordinary	cfSetVoice@s1.sounddriver.asm:2312-2326
9	978	-1	2	0x72C44	0x4A2E	157884	1694	0x72C48	84	linear	n/a	ordinary	cfSetVoice@s1.sounddriver.asm:2312-2326
10	978	-1	2	0x72C48	0x6B04	157968	1694	0x72C4E	70	branch	taken	control_flow	cfSetVoice@s1.sounddriver.asm:2312-2326
11	978	-1	2	0x72C4E	0x5340	158038	1694	0x72C50	42	linear	n/a	ordinary	SetVoice@s1.sounddriver.asm:2328-2375
12	978	-1	2	0x72C50	0x6B0A	158080	1708	0x72C5C	70	branch	taken	control_flow	SetVoice@s1.sounddriver.asm:2328-2375
13	978	-1	2	0x72C5C	0x1219	158150	1708	0x72C5E	56	linear	n/a	ordinary	SetVoice@s1.sounddriver.asm:2328-2375
14	978	-1	2	0x72C5E	0x1B41	158206	1708	0x72C62	84	linear	n/a	ordinary	SetVoice@s1.sounddriver.asm:2328-2375
15	978	-1	2	0x72C62	0x1801	158290	1708	0x72C64	28	linear	n/a	ordinary	SetVoice@s1.sounddriver.asm:2328-2375
16	978	-1	2	0x72C64	0x103C	158318	1708	0x72C68	56	linear	n/a	ordinary	SetVoice@s1.sounddriver.asm:2328-2375
17	978	-1	2	0x72C68	0x4EBA	158374	1708	0x72722	126	call	target=0x72722	control_flow	SetVoice@s1.sounddriver.asm:2328-2375
18	978	-1	2	0x72722	0x082D	158500	1708	0x72728	112	linear	n/a	ordinary	WriteFMIorII@s1.sounddriver.asm:1712-1717
19	978	-1	2	0x72728	0x6630	158612	1708	0x7275A	70	branch	taken	control_flow	WriteFMIorII@s1.sounddriver.asm:1712-1717
20	978	-1	2	0x7275A	0x142D	158682	1708	0x7275E	84	linear	n/a	ordinary	WriteFMIIPart@s1.sounddriver.asm:1745-1750
21	978	-1	2	0x7275E	0x0882	158766	1708	0x72762	84	linear	n/a	ordinary	WriteFMIIPart@s1.sounddriver.asm:1745-1750
22	978	-1	2	0x72762	0xD002	158850	1708	0x72764	28	linear	n/a	ordinary	WriteFMIIPart@s1.sounddriver.asm:1745-1750
23	978	-1	2	0x72764	0x1439	158878	1708	0x7276A	119	linear	n/a	ordinary,busy_poll	WriteFMII@s1.sounddriver.asm:1752-1769
24	978	-1	2	0x7276A	0x0802	158997	1708	0x7276E	84	linear	n/a	ordinary,busy_poll	WriteFMII@s1.sounddriver.asm:1752-1769
25	978	-1	2	0x7276E	0x66F4	159081	1722	0x72770	56	branch	not_taken	control_flow	WriteFMII@s1.sounddriver.asm:1752-1769
26	978	-1	2	0x72770	0x13C0	159137	1722	0x72776	119	linear	n/a	ordinary	WriteFMII@s1.sounddriver.asm:1752-1769
27	978	-1	2	0x72776	0x4E71	159256	1722	0x72778	28	linear	n/a	ordinary	WriteFMII@s1.sounddriver.asm:1752-1769
28	978	-1	2	0x72778	0x4E71	159284	1722	0x7277A	28	linear	n/a	ordinary	WriteFMII@s1.sounddriver.asm:1752-1769
29	978	-1	2	0x7277A	0x4E71	159312	1722	0x7277C	28	linear	n/a	ordinary	WriteFMII@s1.sounddriver.asm:1752-1769
30	978	-1	2	0x7277C	0x1439	159340	1722	0x72782	119	linear	n/a	ordinary,busy_poll	WriteFMII@s1.sounddriver.asm:1752-1769
31	978	-1	2	0x72782	0x0802	159459	1722	0x72786	70	linear	n/a	ordinary,busy_poll	WriteFMII@s1.sounddriver.asm:1752-1769
32	978	-1	2	0x72786	0x66F4	159529	1722	0x72788	56	branch	not_taken	control_flow,busy_poll	WriteFMII@s1.sounddriver.asm:1752-1769
33	978	-1	2	0x72788	0x13C1	159585	1722	0x7278E	119	linear	n/a	ordinary,ym_write	WriteFMII@s1.sounddriver.asm:1752-1769
34	978	0	2	0x7278E	0x4E75	159704	1722	0x72C6C	112	return	target=0x72C6C	control_flow	WriteFMII@s1.sounddriver.asm:1752-1769
35	978	0	2	0x72C6C	0x45FA	159816	1722	0x72C70	56	linear	n/a	ordinary	SetVoice@s1.sounddriver.asm:2328-2375
36	978	0	2	0x72C70	0x7613	159872	1722	0x72C72	28	linear	n/a	ordinary	SetVoice@s1.sounddriver.asm:2328-2375
37	978	0	2	0x72C72	0x101A	159900	1722	0x72C74	70	linear	n/a	ordinary	SetVoice@s1.sounddriver.asm:2328-2375
38	978	0	2	0x72C74	0x1219	159970	1736	0x72C76	56	linear	n/a	ordinary	SetVoice@s1.sounddriver.asm:2328-2375
39	978	0	2	0x72C76	0x4EBA	160026	1736	0x72722	126	call	target=0x72722	control_flow	SetVoice@s1.sounddriver.asm:2328-2375
40	978	0	2	0x72722	0x082D	160152	1736	0x72728	112	linear	n/a	ordinary	WriteFMIorII@s1.sounddriver.asm:1712-1717
41	978	0	2	0x72728	0x6630	160264	1736	0x7275A	70	branch	taken	control_flow	WriteFMIorII@s1.sounddriver.asm:1712-1717
42	978	0	2	0x7275A	0x142D	160334	1736	0x7275E	84	linear	n/a	ordinary	WriteFMIIPart@s1.sounddriver.asm:1745-1750
43	978	0	2	0x7275E	0x0882	160418	1736	0x72762	84	linear	n/a	ordinary	WriteFMIIPart@s1.sounddriver.asm:1745-1750
44	978	0	2	0x72762	0xD002	160502	1736	0x72764	28	linear	n/a	ordinary	WriteFMIIPart@s1.sounddriver.asm:1745-1750
45	978	0	2	0x72764	0x1439	160530	1736	0x7276A	119	linear	n/a	ordinary,busy_poll	WriteFMII@s1.sounddriver.asm:1752-1769
46	978	0	2	0x7276A	0x0802	160649	1736	0x7276E	70	linear	n/a	ordinary,busy_poll	WriteFMII@s1.sounddriver.asm:1752-1769
47	978	0	2	0x7276E	0x66F4	160719	1736	0x72764	70	branch	taken	control_flow	WriteFMII@s1.sounddriver.asm:1752-1769
48	978	0	2	0x72764	0x1439	160789	1736	0x7276A	119	linear	n/a	ordinary,busy_poll	WriteFMII@s1.sounddriver.asm:1752-1769
49	978	0	2	0x7276A	0x0802	160908	1736	0x7276E	84	linear	n/a	ordinary,busy_poll	WriteFMII@s1.sounddriver.asm:1752-1769
50	978	0	2	0x7276E	0x66F4	160992	1750	0x72764	70	branch	taken	control_flow	WriteFMII@s1.sounddriver.asm:1752-1769
51	978	0	2	0x72764	0x1439	161062	1750	0x7276A	119	linear	n/a	ordinary,busy_poll	WriteFMII@s1.sounddriver.asm:1752-1769
52	978	0	2	0x7276A	0x0802	161181	1750	0x7276E	70	linear	n/a	ordinary,busy_poll	WriteFMII@s1.sounddriver.asm:1752-1769
53	978	0	2	0x7276E	0x66F4	161251	1750	0x72770	56	branch	not_taken	control_flow	WriteFMII@s1.sounddriver.asm:1752-1769
54	978	0	2	0x72770	0x13C0	161307	1750	0x72776	119	linear	n/a	ordinary	WriteFMII@s1.sounddriver.asm:1752-1769
55	978	0	2	0x72776	0x4E71	161426	1750	0x72778	28	linear	n/a	ordinary	WriteFMII@s1.sounddriver.asm:1752-1769
56	978	0	2	0x72778	0x4E71	161454	1750	0x7277A	28	linear	n/a	ordinary	WriteFMII@s1.sounddriver.asm:1752-1769
57	978	0	2	0x7277A	0x4E71	161482	1750	0x7277C	28	linear	n/a	ordinary	WriteFMII@s1.sounddriver.asm:1752-1769
58	978	0	2	0x7277C	0x1439	161510	1750	0x72782	119	linear	n/a	ordinary,busy_poll	WriteFMII@s1.sounddriver.asm:1752-1769
59	978	0	2	0x72782	0x0802	161629	1750	0x72786	70	linear	n/a	ordinary,busy_poll	WriteFMII@s1.sounddriver.asm:1752-1769
60	978	0	2	0x72786	0x66F4	161699	1750	0x72788	56	branch	not_taken	control_flow,busy_poll	WriteFMII@s1.sounddriver.asm:1752-1769
61	978	0	2	0x72788	0x13C1	161755	1750	0x7278E	119	linear	n/a	ordinary,ym_write	WriteFMII@s1.sounddriver.asm:1752-1769
62	978	1	2	0x7278E	0x4E75	161874	1750	0x72C7A	126	return	target=0x72C7A	control_flow	WriteFMII@s1.sounddriver.asm:1752-1769
63	978	1	2	0x72C7A	0x51CB	162000	1764	0x72C72	70	branch	taken	control_flow	SetVoice@s1.sounddriver.asm:2328-2375
64	978	1	2	0x72C72	0x101A	162070	1764	0x72C74	56	linear	n/a	ordinary	SetVoice@s1.sounddriver.asm:2328-2375
65	978	1	2	0x72C74	0x1219	162126	1764	0x72C76	56	linear	n/a	ordinary	SetVoice@s1.sounddriver.asm:2328-2375
66	978	1	2	0x72C76	0x4EBA	162182	1764	0x72722	126	call	target=0x72722	control_flow	SetVoice@s1.sounddriver.asm:2328-2375
67	978	1	2	0x72722	0x082D	162308	1764	0x72728	112	linear	n/a	ordinary	WriteFMIorII@s1.sounddriver.asm:1712-1717
68	978	1	2	0x72728	0x6630	162420	1764	0x7275A	70	branch	taken	control_flow	WriteFMIorII@s1.sounddriver.asm:1712-1717
69	978	1	2	0x7275A	0x142D	162490	1764	0x7275E	84	linear	n/a	ordinary	WriteFMIIPart@s1.sounddriver.asm:1745-1750
70	978	1	2	0x7275E	0x0882	162574	1764	0x72762	84	linear	n/a	ordinary	WriteFMIIPart@s1.sounddriver.asm:1745-1750
71	978	1	2	0x72762	0xD002	162658	1764	0x72764	28	linear	n/a	ordinary	WriteFMIIPart@s1.sounddriver.asm:1745-1750
72	978	1	2	0x72764	0x1439	162686	1764	0x7276A	119	linear	n/a	ordinary,busy_poll	WriteFMII@s1.sounddriver.asm:1752-1769
73	978	1	2	0x7276A	0x0802	162805	1764	0x7276E	84	linear	n/a	ordinary,busy_poll	WriteFMII@s1.sounddriver.asm:1752-1769
74	978	1	2	0x7276E	0x66F4	162889	1778	0x72764	70	branch	taken	control_flow	WriteFMII@s1.sounddriver.asm:1752-1769
75	978	1	2	0x72764	0x1439	162959	1778	0x7276A	119	linear	n/a	ordinary,busy_poll	WriteFMII@s1.sounddriver.asm:1752-1769
76	978	1	2	0x7276A	0x0802	163078	1778	0x7276E	70	linear	n/a	ordinary,busy_poll	WriteFMII@s1.sounddriver.asm:1752-1769
77	978	1	2	0x7276E	0x66F4	163148	1778	0x72764	70	branch	taken	control_flow	WriteFMII@s1.sounddriver.asm:1752-1769
78	978	1	2	0x72764	0x1439	163218	1778	0x7276A	119	linear	n/a	ordinary,busy_poll	WriteFMII@s1.sounddriver.asm:1752-1769
79	978	1	2	0x7276A	0x0802	163337	1778	0x7276E	70	linear	n/a	ordinary,busy_poll	WriteFMII@s1.sounddriver.asm:1752-1769
80	978	1	2	0x7276E	0x66F4	163407	1778	0x72770	56	branch	not_taken	control_flow	WriteFMII@s1.sounddriver.asm:1752-1769
81	978	1	2	0x72770	0x13C0	163463	1778	0x72776	119	linear	n/a	ordinary	WriteFMII@s1.sounddriver.asm:1752-1769
82	978	1	2	0x72776	0x4E71	163582	1778	0x72778	28	linear	n/a	ordinary	WriteFMII@s1.sounddriver.asm:1752-1769
83	978	1	2	0x72778	0x4E71	163610	1778	0x7277A	28	linear	n/a	ordinary	WriteFMII@s1.sounddriver.asm:1752-1769
84	978	1	2	0x7277A	0x4E71	163638	1778	0x7277C	28	linear	n/a	ordinary	WriteFMII@s1.sounddriver.asm:1752-1769
85	978	1	2	0x7277C	0x1439	163666	1778	0x72782	119	linear	n/a	ordinary,busy_poll	WriteFMII@s1.sounddriver.asm:1752-1769
86	978	1	2	0x72782	0x0802	163785	1778	0x72786	84	linear	n/a	ordinary,busy_poll	WriteFMII@s1.sounddriver.asm:1752-1769
87	978	1	2	0x72786	0x66F4	163869	1792	0x72788	56	branch	not_taken	control_flow,busy_poll	WriteFMII@s1.sounddriver.asm:1752-1769
88	978	1	2	0x72788	0x13C1	163925	1792	0x7278E	119	linear	n/a	ordinary,ym_write	WriteFMII@s1.sounddriver.asm:1752-1769
89	978	2	2	0x7278E	0x4E75	164044	1792	0x72C7A	112	return	target=0x72C7A	control_flow	WriteFMII@s1.sounddriver.asm:1752-1769
90	978	2	2	0x72C7A	0x51CB	164156	1792	0x72C72	70	branch	taken	control_flow	SetVoice@s1.sounddriver.asm:2328-2375
91	978	2	2	0x72C72	0x101A	164226	1792	0x72C74	56	linear	n/a	ordinary	SetVoice@s1.sounddriver.asm:2328-2375
92	978	2	2	0x72C74	0x1219	164282	1792	0x72C76	56	linear	n/a	ordinary	SetVoice@s1.sounddriver.asm:2328-2375
93	978	2	2	0x72C76	0x4EBA	164338	1792	0x72722	126	call	target=0x72722	control_flow	SetVoice@s1.sounddriver.asm:2328-2375
94	978	2	2	0x72722	0x082D	164464	1792	0x72728	112	linear	n/a	ordinary	WriteFMIorII@s1.sounddriver.asm:1712-1717
95	978	2	2	0x72728	0x6630	164576	1792	0x7275A	70	branch	taken	control_flow	WriteFMIorII@s1.sounddriver.asm:1712-1717
96	978	2	2	0x7275A	0x142D	164646	1792	0x7275E	84	linear	n/a	ordinary	WriteFMIIPart@s1.sounddriver.asm:1745-1750
97	978	2	2	0x7275E	0x0882	164730	1792	0x72762	98	linear	n/a	ordinary	WriteFMIIPart@s1.sounddriver.asm:1745-1750
98	978	2	2	0x72762	0xD002	164828	1806	0x72764	28	linear	n/a	ordinary	WriteFMIIPart@s1.sounddriver.asm:1745-1750
99	978	2	2	0x72764	0x1439	164856	1806	0x7276A	119	linear	n/a	ordinary,busy_poll	WriteFMII@s1.sounddriver.asm:1752-1769
100	978	2	2	0x7276A	0x0802	164975	1806	0x7276E	70	linear	n/a	ordinary,busy_poll	WriteFMII@s1.sounddriver.asm:1752-1769
101	978	2	2	0x7276E	0x66F4	165045	1806	0x72764	70	branch	taken	control_flow	WriteFMII@s1.sounddriver.asm:1752-1769
102	978	2	2	0x72764	0x1439	165115	1806	0x7276A	119	linear	n/a	ordinary,busy_poll	WriteFMII@s1.sounddriver.asm:1752-1769
103	978	2	2	0x7276A	0x0802	165234	1806	0x7276E	70	linear	n/a	ordinary,busy_poll	WriteFMII@s1.sounddriver.asm:1752-1769
104	978	2	2	0x7276E	0x66F4	165304	1806	0x72764	70	branch	taken	control_flow	WriteFMII@s1.sounddriver.asm:1752-1769
105	978	2	2	0x72764	0x1439	165374	1806	0x7276A	119	linear	n/a	ordinary,busy_poll	WriteFMII@s1.sounddriver.asm:1752-1769
106	978	2	2	0x7276A	0x0802	165493	1806	0x7276E	70	linear	n/a	ordinary,busy_poll	WriteFMII@s1.sounddriver.asm:1752-1769
107	978	2	2	0x7276E	0x66F4	165563	1806	0x72770	56	branch	not_taken	control_flow	WriteFMII@s1.sounddriver.asm:1752-1769
108	978	2	2	0x72770	0x13C0	165619	1806	0x72776	119	linear	n/a	ordinary	WriteFMII@s1.sounddriver.asm:1752-1769
109	978	2	2	0x72776	0x4E71	165738	1806	0x72778	42	linear	n/a	ordinary	WriteFMII@s1.sounddriver.asm:1752-1769
110	978	2	2	0x72778	0x4E71	165780	1820	0x7277A	28	linear	n/a	ordinary	WriteFMII@s1.sounddriver.asm:1752-1769
111	978	2	2	0x7277A	0x4E71	165808	1820	0x7277C	28	linear	n/a	ordinary	WriteFMII@s1.sounddriver.asm:1752-1769
112	978	2	2	0x7277C	0x1439	165836	1820	0x72782	119	linear	n/a	ordinary,busy_poll	WriteFMII@s1.sounddriver.asm:1752-1769
113	978	2	2	0x72782	0x0802	165955	1820	0x72786	70	linear	n/a	ordinary,busy_poll	WriteFMII@s1.sounddriver.asm:1752-1769
114	978	2	2	0x72786	0x66F4	166025	1820	0x72788	56	branch	not_taken	control_flow,busy_poll	WriteFMII@s1.sounddriver.asm:1752-1769
115	978	2	2	0x72788	0x13C1	166081	1820	0x7278E	119	linear	n/a	ordinary,ym_write	WriteFMII@s1.sounddriver.asm:1752-1769
116	978	3	2	0x7278E	0x4E75	166200	1820	0x72C7A	112	return	target=0x72C7A	control_flow	WriteFMII@s1.sounddriver.asm:1752-1769
117	978	3	2	0x72C7A	0x51CB	166312	1820	0x72C72	70	branch	taken	control_flow	SetVoice@s1.sounddriver.asm:2328-2375
118	978	3	2	0x72C72	0x101A	166382	1820	0x72C74	56	linear	n/a	ordinary	SetVoice@s1.sounddriver.asm:2328-2375
119	978	3	2	0x72C74	0x1219	166438	1820	0x72C76	56	linear	n/a	ordinary	SetVoice@s1.sounddriver.asm:2328-2375
120	978	3	2	0x72C76	0x4EBA	166494	1820	0x72722	126	call	target=0x72722	control_flow	SetVoice@s1.sounddriver.asm:2328-2375
121	978	3	2	0x72722	0x082D	166620	1820	0x72728	112	linear	n/a	ordinary	WriteFMIorII@s1.sounddriver.asm:1712-1717
122	978	3	2	0x72728	0x6630	166732	1820	0x7275A	84	branch	taken	control_flow	WriteFMIorII@s1.sounddriver.asm:1712-1717
123	978	3	2	0x7275A	0x142D	166816	1834	0x7275E	84	linear	n/a	ordinary	WriteFMIIPart@s1.sounddriver.asm:1745-1750
124	978	3	2	0x7275E	0x0882	166900	1834	0x72762	84	linear	n/a	ordinary	WriteFMIIPart@s1.sounddriver.asm:1745-1750
125	978	3	2	0x72762	0xD002	166984	1834	0x72764	28	linear	n/a	ordinary	WriteFMIIPart@s1.sounddriver.asm:1745-1750
126	978	3	2	0x72764	0x1439	167012	1834	0x7276A	119	linear	n/a	ordinary,busy_poll	WriteFMII@s1.sounddriver.asm:1752-1769
127	978	3	2	0x7276A	0x0802	167131	1834	0x7276E	70	linear	n/a	ordinary,busy_poll	WriteFMII@s1.sounddriver.asm:1752-1769
128	978	3	2	0x7276E	0x66F4	167201	1834	0x72764	70	branch	taken	control_flow	WriteFMII@s1.sounddriver.asm:1752-1769
129	978	3	2	0x72764	0x1439	167271	1834	0x7276A	119	linear	n/a	ordinary,busy_poll	WriteFMII@s1.sounddriver.asm:1752-1769
130	978	3	2	0x7276A	0x0802	167390	1834	0x7276E	70	linear	n/a	ordinary,busy_poll	WriteFMII@s1.sounddriver.asm:1752-1769
131	978	3	2	0x7276E	0x66F4	167460	1834	0x72764	70	branch	taken	control_flow	WriteFMII@s1.sounddriver.asm:1752-1769
132	978	3	2	0x72764	0x1439	167530	1834	0x7276A	119	linear	n/a	ordinary,busy_poll	WriteFMII@s1.sounddriver.asm:1752-1769
133	978	3	2	0x7276A	0x0802	167649	1834	0x7276E	84	linear	n/a	ordinary,busy_poll	WriteFMII@s1.sounddriver.asm:1752-1769
134	978	3	2	0x7276E	0x66F4	167733	1848	0x72770	56	branch	not_taken	control_flow	WriteFMII@s1.sounddriver.asm:1752-1769
135	978	3	2	0x72770	0x13C0	167789	1848	0x72776	119	linear	n/a	ordinary	WriteFMII@s1.sounddriver.asm:1752-1769
136	978	3	2	0x72776	0x4E71	167908	1848	0x72778	28	linear	n/a	ordinary	WriteFMII@s1.sounddriver.asm:1752-1769
137	978	3	2	0x72778	0x4E71	167936	1848	0x7277A	28	linear	n/a	ordinary	WriteFMII@s1.sounddriver.asm:1752-1769
138	978	3	2	0x7277A	0x4E71	167964	1848	0x7277C	28	linear	n/a	ordinary	WriteFMII@s1.sounddriver.asm:1752-1769
139	978	3	2	0x7277C	0x1439	167992	1848	0x72782	119	linear	n/a	ordinary,busy_poll	WriteFMII@s1.sounddriver.asm:1752-1769
140	978	3	2	0x72782	0x0802	168111	1848	0x72786	70	linear	n/a	ordinary,busy_poll	WriteFMII@s1.sounddriver.asm:1752-1769
141	978	3	2	0x72786	0x66F4	168181	1848	0x72788	56	branch	not_taken	control_flow,busy_poll	WriteFMII@s1.sounddriver.asm:1752-1769
142	978	3	2	0x72788	0x13C1	168237	1848	0x7278E	119	linear	n/a	ordinary,ym_write	WriteFMII@s1.sounddriver.asm:1752-1769
143	978	4	2	0x7278E	0x4E75	168356	1848	0x72C7A	112	return	target=0x72C7A	control_flow	WriteFMII@s1.sounddriver.asm:1752-1769
144	978	4	2	0x72C7A	0x51CB	168468	1848	0x72C72	70	branch	taken	control_flow	SetVoice@s1.sounddriver.asm:2328-2375
145	978	4	2	0x72C72	0x101A	168538	1848	0x72C74	56	linear	n/a	ordinary	SetVoice@s1.sounddriver.asm:2328-2375
146	978	4	2	0x72C74	0x1219	168594	1848	0x72C76	70	linear	n/a	ordinary	SetVoice@s1.sounddriver.asm:2328-2375
147	978	4	2	0x72C76	0x4EBA	168664	1862	0x72722	126	call	target=0x72722	control_flow	SetVoice@s1.sounddriver.asm:2328-2375
148	978	4	2	0x72722	0x082D	168790	1862	0x72728	112	linear	n/a	ordinary	WriteFMIorII@s1.sounddriver.asm:1712-1717
149	978	4	2	0x72728	0x6630	168902	1862	0x7275A	70	branch	taken	control_flow	WriteFMIorII@s1.sounddriver.asm:1712-1717
150	978	4	2	0x7275A	0x142D	168972	1862	0x7275E	84	linear	n/a	ordinary	WriteFMIIPart@s1.sounddriver.asm:1745-1750
151	978	4	2	0x7275E	0x0882	169056	1862	0x72762	84	linear	n/a	ordinary	WriteFMIIPart@s1.sounddriver.asm:1745-1750
152	978	4	2	0x72762	0xD002	169140	1862	0x72764	28	linear	n/a	ordinary	WriteFMIIPart@s1.sounddriver.asm:1745-1750
153	978	4	2	0x72764	0x1439	169168	1862	0x7276A	119	linear	n/a	ordinary,busy_poll	WriteFMII@s1.sounddriver.asm:1752-1769
154	978	4	2	0x7276A	0x0802	169287	1862	0x7276E	70	linear	n/a	ordinary,busy_poll	WriteFMII@s1.sounddriver.asm:1752-1769
155	978	4	2	0x7276E	0x66F4	169357	1862	0x72764	70	branch	taken	control_flow	WriteFMII@s1.sounddriver.asm:1752-1769
156	978	4	2	0x72764	0x1439	169427	1862	0x7276A	119	linear	n/a	ordinary,busy_poll	WriteFMII@s1.sounddriver.asm:1752-1769
157	978	4	2	0x7276A	0x0802	169546	1862	0x7276E	84	linear	n/a	ordinary,busy_poll	WriteFMII@s1.sounddriver.asm:1752-1769
158	978	4	2	0x7276E	0x66F4	169630	1876	0x72764	70	branch	taken	control_flow	WriteFMII@s1.sounddriver.asm:1752-1769
159	978	4	2	0x72764	0x1439	169700	1876	0x7276A	119	linear	n/a	ordinary,busy_poll	WriteFMII@s1.sounddriver.asm:1752-1769
160	978	4	2	0x7276A	0x0802	169819	1876	0x7276E	70	linear	n/a	ordinary,busy_poll	WriteFMII@s1.sounddriver.asm:1752-1769
161	978	4	2	0x7276E	0x66F4	169889	1876	0x72770	56	branch	not_taken	control_flow	WriteFMII@s1.sounddriver.asm:1752-1769
162	978	4	2	0x72770	0x13C0	169945	1876	0x72776	119	linear	n/a	ordinary	WriteFMII@s1.sounddriver.asm:1752-1769
163	978	4	2	0x72776	0x4E71	170064	1876	0x72778	28	linear	n/a	ordinary	WriteFMII@s1.sounddriver.asm:1752-1769
164	978	4	2	0x72778	0x4E71	170092	1876	0x7277A	28	linear	n/a	ordinary	WriteFMII@s1.sounddriver.asm:1752-1769
165	978	4	2	0x7277A	0x4E71	170120	1876	0x7277C	28	linear	n/a	ordinary	WriteFMII@s1.sounddriver.asm:1752-1769
166	978	4	2	0x7277C	0x1439	170148	1876	0x72782	119	linear	n/a	ordinary,busy_poll	WriteFMII@s1.sounddriver.asm:1752-1769
167	978	4	2	0x72782	0x0802	170267	1876	0x72786	70	linear	n/a	ordinary,busy_poll	WriteFMII@s1.sounddriver.asm:1752-1769
168	978	4	2	0x72786	0x66F4	170337	1876	0x72788	56	branch	not_taken	control_flow,busy_poll	WriteFMII@s1.sounddriver.asm:1752-1769
169	978	4	2	0x72788	0x13C1	170393	1876	0x7278E	119	linear	n/a	ordinary,ym_write	WriteFMII@s1.sounddriver.asm:1752-1769
170	978	5	2	0x7278E	0x4E75	170512	1876	0x72C7A	126	return	target=0x72C7A	control_flow	WriteFMII@s1.sounddriver.asm:1752-1769
171	978	5	2	0x72C7A	0x51CB	170638	1890	0x72C72	70	branch	taken	control_flow	SetVoice@s1.sounddriver.asm:2328-2375
172	978	5	2	0x72C72	0x101A	170708	1890	0x72C74	56	linear	n/a	ordinary	SetVoice@s1.sounddriver.asm:2328-2375
173	978	5	2	0x72C74	0x1219	170764	1890	0x72C76	56	linear	n/a	ordinary	SetVoice@s1.sounddriver.asm:2328-2375
174	978	5	2	0x72C76	0x4EBA	170820	1890	0x72722	126	call	target=0x72722	control_flow	SetVoice@s1.sounddriver.asm:2328-2375
175	978	5	2	0x72722	0x082D	170946	1890	0x72728	112	linear	n/a	ordinary	WriteFMIorII@s1.sounddriver.asm:1712-1717
176	978	5	2	0x72728	0x6630	171058	1890	0x7275A	70	branch	taken	control_flow	WriteFMIorII@s1.sounddriver.asm:1712-1717
177	978	5	2	0x7275A	0x142D	171128	1890	0x7275E	84	linear	n/a	ordinary	WriteFMIIPart@s1.sounddriver.asm:1745-1750
178	978	5	2	0x7275E	0x0882	171212	1890	0x72762	84	linear	n/a	ordinary	WriteFMIIPart@s1.sounddriver.asm:1745-1750
179	978	5	2	0x72762	0xD002	171296	1890	0x72764	28	linear	n/a	ordinary	WriteFMIIPart@s1.sounddriver.asm:1745-1750
180	978	5	2	0x72764	0x1439	171324	1890	0x7276A	119	linear	n/a	ordinary,busy_poll	WriteFMII@s1.sounddriver.asm:1752-1769
181	978	5	2	0x7276A	0x0802	171443	1890	0x7276E	84	linear	n/a	ordinary,busy_poll	WriteFMII@s1.sounddriver.asm:1752-1769
182	978	5	2	0x7276E	0x66F4	171527	1904	0x72764	70	branch	taken	control_flow	WriteFMII@s1.sounddriver.asm:1752-1769
183	978	5	2	0x72764	0x1439	171597	1904	0x7276A	119	linear	n/a	ordinary,busy_poll	WriteFMII@s1.sounddriver.asm:1752-1769
184	978	5	2	0x7276A	0x0802	171716	1904	0x7276E	70	linear	n/a	ordinary,busy_poll	WriteFMII@s1.sounddriver.asm:1752-1769
185	978	5	2	0x7276E	0x66F4	171786	1904	0x72764	70	branch	taken	control_flow	WriteFMII@s1.sounddriver.asm:1752-1769
186	978	5	2	0x72764	0x1439	171856	1904	0x7276A	119	linear	n/a	ordinary,busy_poll	WriteFMII@s1.sounddriver.asm:1752-1769
187	978	5	2	0x7276A	0x0802	171975	1904	0x7276E	70	linear	n/a	ordinary,busy_poll	WriteFMII@s1.sounddriver.asm:1752-1769
188	978	5	2	0x7276E	0x66F4	172045	1904	0x72770	56	branch	not_taken	control_flow	WriteFMII@s1.sounddriver.asm:1752-1769
189	978	5	2	0x72770	0x13C0	172101	1904	0x72776	119	linear	n/a	ordinary	WriteFMII@s1.sounddriver.asm:1752-1769
190	978	5	2	0x72776	0x4E71	172220	1904	0x72778	28	linear	n/a	ordinary	WriteFMII@s1.sounddriver.asm:1752-1769
191	978	5	2	0x72778	0x4E71	172248	1904	0x7277A	28	linear	n/a	ordinary	WriteFMII@s1.sounddriver.asm:1752-1769
192	978	5	2	0x7277A	0x4E71	172276	1904	0x7277C	28	linear	n/a	ordinary	WriteFMII@s1.sounddriver.asm:1752-1769
193	978	5	2	0x7277C	0x1439	172304	1904	0x72782	119	linear	n/a	ordinary,busy_poll	WriteFMII@s1.sounddriver.asm:1752-1769
194	978	5	2	0x72782	0x0802	172423	1904	0x72786	84	linear	n/a	ordinary,busy_poll	WriteFMII@s1.sounddriver.asm:1752-1769
195	978	5	2	0x72786	0x66F4	172507	1918	0x72788	56	branch	not_taken	control_flow,busy_poll	WriteFMII@s1.sounddriver.asm:1752-1769
196	978	5	2	0x72788	0x13C1	172563	1918	0x7278E	119	linear	n/a	ordinary,ym_write	WriteFMII@s1.sounddriver.asm:1752-1769
197	978	6	2	0x7278E	0x4E75	172682	1918	0x72C7A	112	return	target=0x72C7A	control_flow	WriteFMII@s1.sounddriver.asm:1752-1769
198	978	6	2	0x72C7A	0x51CB	172794	1918	0x72C72	70	branch	taken	control_flow	SetVoice@s1.sounddriver.asm:2328-2375
199	978	6	2	0x72C72	0x101A	172864	1918	0x72C74	56	linear	n/a	ordinary	SetVoice@s1.sounddriver.asm:2328-2375
200	978	6	2	0x72C74	0x1219	172920	1918	0x72C76	56	linear	n/a	ordinary	SetVoice@s1.sounddriver.asm:2328-2375
201	978	6	2	0x72C76	0x4EBA	172976	1918	0x72722	126	call	target=0x72722	control_flow	SetVoice@s1.sounddriver.asm:2328-2375
202	978	6	2	0x72722	0x082D	173102	1918	0x72728	112	linear	n/a	ordinary	WriteFMIorII@s1.sounddriver.asm:1712-1717
203	978	6	2	0x72728	0x6630	173214	1918	0x7275A	70	branch	taken	control_flow	WriteFMIorII@s1.sounddriver.asm:1712-1717
204	978	6	2	0x7275A	0x142D	173284	1918	0x7275E	84	linear	n/a	ordinary	WriteFMIIPart@s1.sounddriver.asm:1745-1750
205	978	6	2	0x7275E	0x0882	173368	1918	0x72762	98	linear	n/a	ordinary	WriteFMIIPart@s1.sounddriver.asm:1745-1750
206	978	6	2	0x72762	0xD002	173466	1932	0x72764	28	linear	n/a	ordinary	WriteFMIIPart@s1.sounddriver.asm:1745-1750
207	978	6	2	0x72764	0x1439	173494	1932	0x7276A	119	linear	n/a	ordinary,busy_poll	WriteFMII@s1.sounddriver.asm:1752-1769
208	978	6	2	0x7276A	0x0802	173613	1932	0x7276E	70	linear	n/a	ordinary,busy_poll	WriteFMII@s1.sounddriver.asm:1752-1769
209	978	6	2	0x7276E	0x66F4	173683	1932	0x72764	70	branch	taken	control_flow	WriteFMII@s1.sounddriver.asm:1752-1769
210	978	6	2	0x72764	0x1439	173753	1932	0x7276A	119	linear	n/a	ordinary,busy_poll	WriteFMII@s1.sounddriver.asm:1752-1769
211	978	6	2	0x7276A	0x0802	173872	1932	0x7276E	70	linear	n/a	ordinary,busy_poll	WriteFMII@s1.sounddriver.asm:1752-1769
212	978	6	2	0x7276E	0x66F4	173942	1932	0x72764	70	branch	taken	control_flow	WriteFMII@s1.sounddriver.asm:1752-1769
213	978	6	2	0x72764	0x1439	174012	1932	0x7276A	119	linear	n/a	ordinary,busy_poll	WriteFMII@s1.sounddriver.asm:1752-1769
214	978	6	2	0x7276A	0x0802	174131	1932	0x7276E	70	linear	n/a	ordinary,busy_poll	WriteFMII@s1.sounddriver.asm:1752-1769
215	978	6	2	0x7276E	0x66F4	174201	1932	0x72770	56	branch	not_taken	control_flow	WriteFMII@s1.sounddriver.asm:1752-1769
216	978	6	2	0x72770	0x13C0	174257	1932	0x72776	119	linear	n/a	ordinary	WriteFMII@s1.sounddriver.asm:1752-1769
217	978	6	2	0x72776	0x4E71	174376	1932	0x72778	42	linear	n/a	ordinary	WriteFMII@s1.sounddriver.asm:1752-1769
218	978	6	2	0x72778	0x4E71	174418	1946	0x7277A	28	linear	n/a	ordinary	WriteFMII@s1.sounddriver.asm:1752-1769
219	978	6	2	0x7277A	0x4E71	174446	1946	0x7277C	28	linear	n/a	ordinary	WriteFMII@s1.sounddriver.asm:1752-1769
220	978	6	2	0x7277C	0x1439	174474	1946	0x72782	119	linear	n/a	ordinary,busy_poll	WriteFMII@s1.sounddriver.asm:1752-1769
221	978	6	2	0x72782	0x0802	174593	1946	0x72786	70	linear	n/a	ordinary,busy_poll	WriteFMII@s1.sounddriver.asm:1752-1769
222	978	6	2	0x72786	0x66F4	174663	1946	0x72788	56	branch	not_taken	control_flow,busy_poll	WriteFMII@s1.sounddriver.asm:1752-1769
223	978	6	2	0x72788	0x13C1	174719	1946	0x7278E	119	linear	n/a	ordinary,ym_write	WriteFMII@s1.sounddriver.asm:1752-1769
224	978	7	2	0x7278E	0x4E75	174838	1946	0x72C7A	112	return	target=0x72C7A	control_flow	WriteFMII@s1.sounddriver.asm:1752-1769
225	978	7	2	0x72C7A	0x51CB	174950	1946	0x72C72	70	branch	taken	control_flow	SetVoice@s1.sounddriver.asm:2328-2375
226	978	7	2	0x72C72	0x101A	175020	1946	0x72C74	56	linear	n/a	ordinary	SetVoice@s1.sounddriver.asm:2328-2375
227	978	7	2	0x72C74	0x1219	175076	1946	0x72C76	56	linear	n/a	ordinary	SetVoice@s1.sounddriver.asm:2328-2375
228	978	7	2	0x72C76	0x4EBA	175132	1946	0x72722	126	call	target=0x72722	control_flow	SetVoice@s1.sounddriver.asm:2328-2375
229	978	7	2	0x72722	0x082D	175258	1946	0x72728	112	linear	n/a	ordinary	WriteFMIorII@s1.sounddriver.asm:1712-1717
230	978	7	2	0x72728	0x6630	175370	1946	0x7275A	84	branch	taken	control_flow	WriteFMIorII@s1.sounddriver.asm:1712-1717
231	978	7	2	0x7275A	0x142D	175454	1960	0x7275E	84	linear	n/a	ordinary	WriteFMIIPart@s1.sounddriver.asm:1745-1750
232	978	7	2	0x7275E	0x0882	175538	1960	0x72762	84	linear	n/a	ordinary	WriteFMIIPart@s1.sounddriver.asm:1745-1750
233	978	7	2	0x72762	0xD002	175622	1960	0x72764	28	linear	n/a	ordinary	WriteFMIIPart@s1.sounddriver.asm:1745-1750
234	978	7	2	0x72764	0x1439	175650	1960	0x7276A	119	linear	n/a	ordinary,busy_poll	WriteFMII@s1.sounddriver.asm:1752-1769
235	978	7	2	0x7276A	0x0802	175769	1960	0x7276E	70	linear	n/a	ordinary,busy_poll	WriteFMII@s1.sounddriver.asm:1752-1769
236	978	7	2	0x7276E	0x66F4	175839	1960	0x72764	70	branch	taken	control_flow	WriteFMII@s1.sounddriver.asm:1752-1769
237	978	7	2	0x72764	0x1439	175909	1960	0x7276A	119	linear	n/a	ordinary,busy_poll	WriteFMII@s1.sounddriver.asm:1752-1769
238	978	7	2	0x7276A	0x0802	176028	1960	0x7276E	70	linear	n/a	ordinary,busy_poll	WriteFMII@s1.sounddriver.asm:1752-1769
239	978	7	2	0x7276E	0x66F4	176098	1960	0x72764	70	branch	taken	control_flow	WriteFMII@s1.sounddriver.asm:1752-1769
240	978	7	2	0x72764	0x1439	176168	1960	0x7276A	119	linear	n/a	ordinary,busy_poll	WriteFMII@s1.sounddriver.asm:1752-1769
241	978	7	2	0x7276A	0x0802	176287	1960	0x7276E	84	linear	n/a	ordinary,busy_poll	WriteFMII@s1.sounddriver.asm:1752-1769
242	978	7	2	0x7276E	0x66F4	176371	1974	0x72770	56	branch	not_taken	control_flow	WriteFMII@s1.sounddriver.asm:1752-1769
243	978	7	2	0x72770	0x13C0	176427	1974	0x72776	119	linear	n/a	ordinary	WriteFMII@s1.sounddriver.asm:1752-1769
244	978	7	2	0x72776	0x4E71	176546	1974	0x72778	28	linear	n/a	ordinary	WriteFMII@s1.sounddriver.asm:1752-1769
245	978	7	2	0x72778	0x4E71	176574	1974	0x7277A	28	linear	n/a	ordinary	WriteFMII@s1.sounddriver.asm:1752-1769
246	978	7	2	0x7277A	0x4E71	176602	1974	0x7277C	28	linear	n/a	ordinary	WriteFMII@s1.sounddriver.asm:1752-1769
247	978	7	2	0x7277C	0x1439	176630	1974	0x72782	119	linear	n/a	ordinary,busy_poll	WriteFMII@s1.sounddriver.asm:1752-1769
248	978	7	2	0x72782	0x0802	176749	1974	0x72786	70	linear	n/a	ordinary,busy_poll	WriteFMII@s1.sounddriver.asm:1752-1769
249	978	7	2	0x72786	0x66F4	176819	1974	0x72788	56	branch	not_taken	control_flow,busy_poll	WriteFMII@s1.sounddriver.asm:1752-1769
250	978	7	2	0x72788	0x13C1	176875	1974	0x7278E	119	linear	n/a	ordinary,ym_write	WriteFMII@s1.sounddriver.asm:1752-1769
251	978	8	2	0x7278E	0x4E75	176994	1974	0x72C7A	112	return	target=0x72C7A	control_flow	WriteFMII@s1.sounddriver.asm:1752-1769
252	978	8	2	0x72C7A	0x51CB	177106	1974	0x72C72	70	branch	taken	control_flow	SetVoice@s1.sounddriver.asm:2328-2375
253	978	8	2	0x72C72	0x101A	177176	1974	0x72C74	56	linear	n/a	ordinary	SetVoice@s1.sounddriver.asm:2328-2375
254	978	8	2	0x72C74	0x1219	177232	1974	0x72C76	70	linear	n/a	ordinary	SetVoice@s1.sounddriver.asm:2328-2375
255	978	8	2	0x72C76	0x4EBA	177302	1988	0x72722	126	call	target=0x72722	control_flow	SetVoice@s1.sounddriver.asm:2328-2375
256	978	8	2	0x72722	0x082D	177428	1988	0x72728	112	linear	n/a	ordinary	WriteFMIorII@s1.sounddriver.asm:1712-1717
257	978	8	2	0x72728	0x6630	177540	1988	0x7275A	70	branch	taken	control_flow	WriteFMIorII@s1.sounddriver.asm:1712-1717
258	978	8	2	0x7275A	0x142D	177610	1988	0x7275E	84	linear	n/a	ordinary	WriteFMIIPart@s1.sounddriver.asm:1745-1750
259	978	8	2	0x7275E	0x0882	177694	1988	0x72762	84	linear	n/a	ordinary	WriteFMIIPart@s1.sounddriver.asm:1745-1750
260	978	8	2	0x72762	0xD002	177778	1988	0x72764	28	linear	n/a	ordinary	WriteFMIIPart@s1.sounddriver.asm:1745-1750
261	978	8	2	0x72764	0x1439	177806	1988	0x7276A	119	linear	n/a	ordinary,busy_poll	WriteFMII@s1.sounddriver.asm:1752-1769
262	978	8	2	0x7276A	0x0802	177925	1988	0x7276E	70	linear	n/a	ordinary,busy_poll	WriteFMII@s1.sounddriver.asm:1752-1769
263	978	8	2	0x7276E	0x66F4	177995	1988	0x72764	70	branch	taken	control_flow	WriteFMII@s1.sounddriver.asm:1752-1769
264	978	8	2	0x72764	0x1439	178065	1988	0x7276A	119	linear	n/a	ordinary,busy_poll	WriteFMII@s1.sounddriver.asm:1752-1769
265	978	8	2	0x7276A	0x0802	178184	1988	0x7276E	84	linear	n/a	ordinary,busy_poll	WriteFMII@s1.sounddriver.asm:1752-1769
266	978	8	2	0x7276E	0x66F4	178268	2002	0x72764	70	branch	taken	control_flow	WriteFMII@s1.sounddriver.asm:1752-1769
267	978	8	2	0x72764	0x1439	178338	2002	0x7276A	119	linear	n/a	ordinary,busy_poll	WriteFMII@s1.sounddriver.asm:1752-1769
268	978	8	2	0x7276A	0x0802	178457	2002	0x7276E	70	linear	n/a	ordinary,busy_poll	WriteFMII@s1.sounddriver.asm:1752-1769
269	978	8	2	0x7276E	0x66F4	178527	2002	0x72770	56	branch	not_taken	control_flow	WriteFMII@s1.sounddriver.asm:1752-1769
270	978	8	2	0x72770	0x13C0	178583	2002	0x72776	119	linear	n/a	ordinary	WriteFMII@s1.sounddriver.asm:1752-1769
271	978	8	2	0x72776	0x4E71	178702	2002	0x72778	28	linear	n/a	ordinary	WriteFMII@s1.sounddriver.asm:1752-1769
272	978	8	2	0x72778	0x4E71	178730	2002	0x7277A	28	linear	n/a	ordinary	WriteFMII@s1.sounddriver.asm:1752-1769
273	978	8	2	0x7277A	0x4E71	178758	2002	0x7277C	28	linear	n/a	ordinary	WriteFMII@s1.sounddriver.asm:1752-1769
274	978	8	2	0x7277C	0x1439	178786	2002	0x72782	119	linear	n/a	ordinary,busy_poll	WriteFMII@s1.sounddriver.asm:1752-1769
275	978	8	2	0x72782	0x0802	178905	2002	0x72786	70	linear	n/a	ordinary,busy_poll	WriteFMII@s1.sounddriver.asm:1752-1769
276	978	8	2	0x72786	0x66F4	178975	2002	0x72788	56	branch	not_taken	control_flow,busy_poll	WriteFMII@s1.sounddriver.asm:1752-1769
277	978	8	2	0x72788	0x13C1	179031	2002	0x7278E	119	linear	n/a	ordinary,ym_write	WriteFMII@s1.sounddriver.asm:1752-1769
278	978	9	2	0x7278E	0x4E75	179150	2002	0x72C7A	126	return	target=0x72C7A	control_flow	WriteFMII@s1.sounddriver.asm:1752-1769
279	978	9	2	0x72C7A	0x51CB	179276	2016	0x72C72	70	branch	taken	control_flow	SetVoice@s1.sounddriver.asm:2328-2375
280	978	9	2	0x72C72	0x101A	179346	2016	0x72C74	56	linear	n/a	ordinary	SetVoice@s1.sounddriver.asm:2328-2375
281	978	9	2	0x72C74	0x1219	179402	2016	0x72C76	56	linear	n/a	ordinary	SetVoice@s1.sounddriver.asm:2328-2375
282	978	9	2	0x72C76	0x4EBA	179458	2016	0x72722	126	call	target=0x72722	control_flow	SetVoice@s1.sounddriver.asm:2328-2375
283	978	9	2	0x72722	0x082D	179584	2016	0x72728	112	linear	n/a	ordinary	WriteFMIorII@s1.sounddriver.asm:1712-1717
284	978	9	2	0x72728	0x6630	179696	2016	0x7275A	70	branch	taken	control_flow	WriteFMIorII@s1.sounddriver.asm:1712-1717
285	978	9	2	0x7275A	0x142D	179766	2016	0x7275E	84	linear	n/a	ordinary	WriteFMIIPart@s1.sounddriver.asm:1745-1750
286	978	9	2	0x7275E	0x0882	179850	2016	0x72762	84	linear	n/a	ordinary	WriteFMIIPart@s1.sounddriver.asm:1745-1750
287	978	9	2	0x72762	0xD002	179934	2016	0x72764	28	linear	n/a	ordinary	WriteFMIIPart@s1.sounddriver.asm:1745-1750
288	978	9	2	0x72764	0x1439	179962	2016	0x7276A	119	linear	n/a	ordinary,busy_poll	WriteFMII@s1.sounddriver.asm:1752-1769
289	978	9	2	0x7276A	0x0802	180081	2016	0x7276E	84	linear	n/a	ordinary,busy_poll	WriteFMII@s1.sounddriver.asm:1752-1769
290	978	9	2	0x7276E	0x66F4	180165	2030	0x72764	70	branch	taken	control_flow	WriteFMII@s1.sounddriver.asm:1752-1769
291	978	9	2	0x72764	0x1439	180235	2030	0x7276A	119	linear	n/a	ordinary,busy_poll	WriteFMII@s1.sounddriver.asm:1752-1769
292	978	9	2	0x7276A	0x0802	180354	2030	0x7276E	70	linear	n/a	ordinary,busy_poll	WriteFMII@s1.sounddriver.asm:1752-1769
293	978	9	2	0x7276E	0x66F4	180424	2030	0x72764	70	branch	taken	control_flow	WriteFMII@s1.sounddriver.asm:1752-1769
294	978	9	2	0x72764	0x1439	180494	2030	0x7276A	119	linear	n/a	ordinary,busy_poll	WriteFMII@s1.sounddriver.asm:1752-1769
295	978	9	2	0x7276A	0x0802	180613	2030	0x7276E	70	linear	n/a	ordinary,busy_poll	WriteFMII@s1.sounddriver.asm:1752-1769
296	978	9	2	0x7276E	0x66F4	180683	2030	0x72770	56	branch	not_taken	control_flow	WriteFMII@s1.sounddriver.asm:1752-1769
297	978	9	2	0x72770	0x13C0	180739	2030	0x72776	119	linear	n/a	ordinary	WriteFMII@s1.sounddriver.asm:1752-1769
298	978	9	2	0x72776	0x4E71	180858	2030	0x72778	28	linear	n/a	ordinary	WriteFMII@s1.sounddriver.asm:1752-1769
299	978	9	2	0x72778	0x4E71	180886	2030	0x7277A	28	linear	n/a	ordinary	WriteFMII@s1.sounddriver.asm:1752-1769
300	978	9	2	0x7277A	0x4E71	180914	2030	0x7277C	28	linear	n/a	ordinary	WriteFMII@s1.sounddriver.asm:1752-1769
301	978	9	2	0x7277C	0x1439	180942	2030	0x72782	119	linear	n/a	ordinary,busy_poll	WriteFMII@s1.sounddriver.asm:1752-1769
302	978	9	2	0x72782	0x0802	181061	2030	0x72786	84	linear	n/a	ordinary,busy_poll	WriteFMII@s1.sounddriver.asm:1752-1769
303	978	9	2	0x72786	0x66F4	181145	2044	0x72788	56	branch	not_taken	control_flow,busy_poll	WriteFMII@s1.sounddriver.asm:1752-1769
304	978	9	2	0x72788	0x13C1	181201	2044	0x7278E	119	linear	n/a	ordinary,ym_write	WriteFMII@s1.sounddriver.asm:1752-1769
305	978	10	2	0x7278E	0x4E75	181320	2044	0x72C7A	112	return	target=0x72C7A	control_flow	WriteFMII@s1.sounddriver.asm:1752-1769
306	978	10	2	0x72C7A	0x51CB	181432	2044	0x72C72	70	branch	taken	control_flow	SetVoice@s1.sounddriver.asm:2328-2375
307	978	10	2	0x72C72	0x101A	181502	2044	0x72C74	56	linear	n/a	ordinary	SetVoice@s1.sounddriver.asm:2328-2375
308	978	10	2	0x72C74	0x1219	181558	2044	0x72C76	56	linear	n/a	ordinary	SetVoice@s1.sounddriver.asm:2328-2375
309	978	10	2	0x72C76	0x4EBA	181614	2044	0x72722	126	call	target=0x72722	control_flow	SetVoice@s1.sounddriver.asm:2328-2375
310	978	10	2	0x72722	0x082D	181740	2044	0x72728	112	linear	n/a	ordinary	WriteFMIorII@s1.sounddriver.asm:1712-1717
311	978	10	2	0x72728	0x6630	181852	2044	0x7275A	70	branch	taken	control_flow	WriteFMIorII@s1.sounddriver.asm:1712-1717
312	978	10	2	0x7275A	0x142D	181922	2044	0x7275E	84	linear	n/a	ordinary	WriteFMIIPart@s1.sounddriver.asm:1745-1750
313	978	10	2	0x7275E	0x0882	182006	2044	0x72762	98	linear	n/a	ordinary	WriteFMIIPart@s1.sounddriver.asm:1745-1750
314	978	10	2	0x72762	0xD002	182104	2058	0x72764	28	linear	n/a	ordinary	WriteFMIIPart@s1.sounddriver.asm:1745-1750
315	978	10	2	0x72764	0x1439	182132	2058	0x7276A	119	linear	n/a	ordinary,busy_poll	WriteFMII@s1.sounddriver.asm:1752-1769
316	978	10	2	0x7276A	0x0802	182251	2058	0x7276E	70	linear	n/a	ordinary,busy_poll	WriteFMII@s1.sounddriver.asm:1752-1769
317	978	10	2	0x7276E	0x66F4	182321	2058	0x72764	70	branch	taken	control_flow	WriteFMII@s1.sounddriver.asm:1752-1769
318	978	10	2	0x72764	0x1439	182391	2058	0x7276A	119	linear	n/a	ordinary,busy_poll	WriteFMII@s1.sounddriver.asm:1752-1769
319	978	10	2	0x7276A	0x0802	182510	2058	0x7276E	70	linear	n/a	ordinary,busy_poll	WriteFMII@s1.sounddriver.asm:1752-1769
320	978	10	2	0x7276E	0x66F4	182580	2058	0x72764	70	branch	taken	control_flow	WriteFMII@s1.sounddriver.asm:1752-1769
321	978	10	2	0x72764	0x1439	182650	2058	0x7276A	119	linear	n/a	ordinary,busy_poll	WriteFMII@s1.sounddriver.asm:1752-1769
322	978	10	2	0x7276A	0x0802	182769	2058	0x7276E	70	linear	n/a	ordinary,busy_poll	WriteFMII@s1.sounddriver.asm:1752-1769
323	978	10	2	0x7276E	0x66F4	182839	2058	0x72770	56	branch	not_taken	control_flow	WriteFMII@s1.sounddriver.asm:1752-1769
324	978	10	2	0x72770	0x13C0	182895	2058	0x72776	119	linear	n/a	ordinary	WriteFMII@s1.sounddriver.asm:1752-1769
325	978	10	2	0x72776	0x4E71	183014	2058	0x72778	42	linear	n/a	ordinary	WriteFMII@s1.sounddriver.asm:1752-1769
326	978	10	2	0x72778	0x4E71	183056	2072	0x7277A	28	linear	n/a	ordinary	WriteFMII@s1.sounddriver.asm:1752-1769
327	978	10	2	0x7277A	0x4E71	183084	2072	0x7277C	28	linear	n/a	ordinary	WriteFMII@s1.sounddriver.asm:1752-1769
328	978	10	2	0x7277C	0x1439	183112	2072	0x72782	119	linear	n/a	ordinary,busy_poll	WriteFMII@s1.sounddriver.asm:1752-1769
329	978	10	2	0x72782	0x0802	183231	2072	0x72786	70	linear	n/a	ordinary,busy_poll	WriteFMII@s1.sounddriver.asm:1752-1769
330	978	10	2	0x72786	0x66F4	183301	2072	0x72788	56	branch	not_taken	control_flow,busy_poll	WriteFMII@s1.sounddriver.asm:1752-1769
331	978	10	2	0x72788	0x13C1	183357	2072	0x7278E	119	linear	n/a	ordinary,ym_write	WriteFMII@s1.sounddriver.asm:1752-1769
332	978	11	2	0x7278E	0x4E75	183476	2072	0x72C7A	112	return	target=0x72C7A	control_flow	WriteFMII@s1.sounddriver.asm:1752-1769
333	978	11	2	0x72C7A	0x51CB	183588	2072	0x72C72	70	branch	taken	control_flow	SetVoice@s1.sounddriver.asm:2328-2375
334	978	11	2	0x72C72	0x101A	183658	2072	0x72C74	56	linear	n/a	ordinary	SetVoice@s1.sounddriver.asm:2328-2375
335	978	11	2	0x72C74	0x1219	183714	2072	0x72C76	56	linear	n/a	ordinary	SetVoice@s1.sounddriver.asm:2328-2375
336	978	11	2	0x72C76	0x4EBA	183770	2072	0x72722	126	call	target=0x72722	control_flow	SetVoice@s1.sounddriver.asm:2328-2375
337	978	11	2	0x72722	0x082D	183896	2072	0x72728	112	linear	n/a	ordinary	WriteFMIorII@s1.sounddriver.asm:1712-1717
338	978	11	2	0x72728	0x6630	184008	2072	0x7275A	84	branch	taken	control_flow	WriteFMIorII@s1.sounddriver.asm:1712-1717
339	978	11	2	0x7275A	0x142D	184092	2086	0x7275E	84	linear	n/a	ordinary	WriteFMIIPart@s1.sounddriver.asm:1745-1750
340	978	11	2	0x7275E	0x0882	184176	2086	0x72762	84	linear	n/a	ordinary	WriteFMIIPart@s1.sounddriver.asm:1745-1750
341	978	11	2	0x72762	0xD002	184260	2086	0x72764	28	linear	n/a	ordinary	WriteFMIIPart@s1.sounddriver.asm:1745-1750
342	978	11	2	0x72764	0x1439	184288	2086	0x7276A	119	linear	n/a	ordinary,busy_poll	WriteFMII@s1.sounddriver.asm:1752-1769
343	978	11	2	0x7276A	0x0802	184407	2086	0x7276E	70	linear	n/a	ordinary,busy_poll	WriteFMII@s1.sounddriver.asm:1752-1769
344	978	11	2	0x7276E	0x66F4	184477	2086	0x72764	70	branch	taken	control_flow	WriteFMII@s1.sounddriver.asm:1752-1769
345	978	11	2	0x72764	0x1439	184547	2086	0x7276A	119	linear	n/a	ordinary,busy_poll	WriteFMII@s1.sounddriver.asm:1752-1769
346	978	11	2	0x7276A	0x0802	184666	2086	0x7276E	70	linear	n/a	ordinary,busy_poll	WriteFMII@s1.sounddriver.asm:1752-1769
347	978	11	2	0x7276E	0x66F4	184736	2086	0x72764	70	branch	taken	control_flow	WriteFMII@s1.sounddriver.asm:1752-1769
348	978	11	2	0x72764	0x1439	184806	2086	0x7276A	119	linear	n/a	ordinary,busy_poll	WriteFMII@s1.sounddriver.asm:1752-1769
349	978	11	2	0x7276A	0x0802	184925	2086	0x7276E	84	linear	n/a	ordinary,busy_poll	WriteFMII@s1.sounddriver.asm:1752-1769
350	978	11	2	0x7276E	0x66F4	185009	2100	0x72770	56	branch	not_taken	control_flow	WriteFMII@s1.sounddriver.asm:1752-1769
351	978	11	2	0x72770	0x13C0	185065	2100	0x72776	119	linear	n/a	ordinary	WriteFMII@s1.sounddriver.asm:1752-1769
352	978	11	2	0x72776	0x4E71	185184	2100	0x72778	28	linear	n/a	ordinary	WriteFMII@s1.sounddriver.asm:1752-1769
353	978	11	2	0x72778	0x4E71	185212	2100	0x7277A	28	linear	n/a	ordinary	WriteFMII@s1.sounddriver.asm:1752-1769
354	978	11	2	0x7277A	0x4E71	185240	2100	0x7277C	28	linear	n/a	ordinary	WriteFMII@s1.sounddriver.asm:1752-1769
355	978	11	2	0x7277C	0x1439	185268	2100	0x72782	119	linear	n/a	ordinary,busy_poll	WriteFMII@s1.sounddriver.asm:1752-1769
356	978	11	2	0x72782	0x0802	185387	2100	0x72786	70	linear	n/a	ordinary,busy_poll	WriteFMII@s1.sounddriver.asm:1752-1769
357	978	11	2	0x72786	0x66F4	185457	2100	0x72788	56	branch	not_taken	control_flow,busy_poll	WriteFMII@s1.sounddriver.asm:1752-1769
358	978	11	2	0x72788	0x13C1	185513	2100	0x7278E	119	linear	n/a	ordinary,ym_write	WriteFMII@s1.sounddriver.asm:1752-1769
359	978	12	2	0x7278E	0x4E75	185632	2100	0x72C7A	112	return	target=0x72C7A	control_flow	WriteFMII@s1.sounddriver.asm:1752-1769
360	978	12	2	0x72C7A	0x51CB	185744	2100	0x72C72	70	branch	taken	control_flow	SetVoice@s1.sounddriver.asm:2328-2375
361	978	12	2	0x72C72	0x101A	185814	2100	0x72C74	56	linear	n/a	ordinary	SetVoice@s1.sounddriver.asm:2328-2375
362	978	12	2	0x72C74	0x1219	185870	2100	0x72C76	70	linear	n/a	ordinary	SetVoice@s1.sounddriver.asm:2328-2375
363	978	12	2	0x72C76	0x4EBA	185940	2114	0x72722	126	call	target=0x72722	control_flow	SetVoice@s1.sounddriver.asm:2328-2375
364	978	12	2	0x72722	0x082D	186066	2114	0x72728	112	linear	n/a	ordinary	WriteFMIorII@s1.sounddriver.asm:1712-1717
365	978	12	2	0x72728	0x6630	186178	2114	0x7275A	70	branch	taken	control_flow	WriteFMIorII@s1.sounddriver.asm:1712-1717
366	978	12	2	0x7275A	0x142D	186248	2114	0x7275E	84	linear	n/a	ordinary	WriteFMIIPart@s1.sounddriver.asm:1745-1750
367	978	12	2	0x7275E	0x0882	186332	2114	0x72762	84	linear	n/a	ordinary	WriteFMIIPart@s1.sounddriver.asm:1745-1750
368	978	12	2	0x72762	0xD002	186416	2114	0x72764	28	linear	n/a	ordinary	WriteFMIIPart@s1.sounddriver.asm:1745-1750
369	978	12	2	0x72764	0x1439	186444	2114	0x7276A	119	linear	n/a	ordinary,busy_poll	WriteFMII@s1.sounddriver.asm:1752-1769
370	978	12	2	0x7276A	0x0802	186563	2114	0x7276E	70	linear	n/a	ordinary,busy_poll	WriteFMII@s1.sounddriver.asm:1752-1769
371	978	12	2	0x7276E	0x66F4	186633	2114	0x72764	70	branch	taken	control_flow	WriteFMII@s1.sounddriver.asm:1752-1769
372	978	12	2	0x72764	0x1439	186703	2114	0x7276A	119	linear	n/a	ordinary,busy_poll	WriteFMII@s1.sounddriver.asm:1752-1769
373	978	12	2	0x7276A	0x0802	186822	2114	0x7276E	84	linear	n/a	ordinary,busy_poll	WriteFMII@s1.sounddriver.asm:1752-1769
374	978	12	2	0x7276E	0x66F4	186906	2128	0x72764	70	branch	taken	control_flow	WriteFMII@s1.sounddriver.asm:1752-1769
375	978	12	2	0x72764	0x1439	186976	2128	0x7276A	119	linear	n/a	ordinary,busy_poll	WriteFMII@s1.sounddriver.asm:1752-1769
376	978	12	2	0x7276A	0x0802	187095	2128	0x7276E	70	linear	n/a	ordinary,busy_poll	WriteFMII@s1.sounddriver.asm:1752-1769
377	978	12	2	0x7276E	0x66F4	187165	2128	0x72770	56	branch	not_taken	control_flow	WriteFMII@s1.sounddriver.asm:1752-1769
378	978	12	2	0x72770	0x13C0	187221	2128	0x72776	119	linear	n/a	ordinary	WriteFMII@s1.sounddriver.asm:1752-1769
379	978	12	2	0x72776	0x4E71	187340	2128	0x72778	28	linear	n/a	ordinary	WriteFMII@s1.sounddriver.asm:1752-1769
380	978	12	2	0x72778	0x4E71	187368	2128	0x7277A	28	linear	n/a	ordinary	WriteFMII@s1.sounddriver.asm:1752-1769
381	978	12	2	0x7277A	0x4E71	187396	2128	0x7277C	28	linear	n/a	ordinary	WriteFMII@s1.sounddriver.asm:1752-1769
382	978	12	2	0x7277C	0x1439	187424	2128	0x72782	119	linear	n/a	ordinary,busy_poll	WriteFMII@s1.sounddriver.asm:1752-1769
383	978	12	2	0x72782	0x0802	187543	2128	0x72786	70	linear	n/a	ordinary,busy_poll	WriteFMII@s1.sounddriver.asm:1752-1769
384	978	12	2	0x72786	0x66F4	187613	2128	0x72788	56	branch	not_taken	control_flow,busy_poll	WriteFMII@s1.sounddriver.asm:1752-1769
385	978	12	2	0x72788	0x13C1	187669	2128	0x7278E	119	linear	n/a	ordinary,ym_write	WriteFMII@s1.sounddriver.asm:1752-1769
386	978	13	2	0x7278E	0x4E75	187788	2128	0x72C7A	126	return	target=0x72C7A	control_flow	WriteFMII@s1.sounddriver.asm:1752-1769
387	978	13	2	0x72C7A	0x51CB	187914	2142	0x72C72	70	branch	taken	control_flow	SetVoice@s1.sounddriver.asm:2328-2375
388	978	13	2	0x72C72	0x101A	187984	2142	0x72C74	56	linear	n/a	ordinary	SetVoice@s1.sounddriver.asm:2328-2375
389	978	13	2	0x72C74	0x1219	188040	2142	0x72C76	56	linear	n/a	ordinary	SetVoice@s1.sounddriver.asm:2328-2375
390	978	13	2	0x72C76	0x4EBA	188096	2142	0x72722	126	call	target=0x72722	control_flow	SetVoice@s1.sounddriver.asm:2328-2375
391	978	13	2	0x72722	0x082D	188222	2142	0x72728	112	linear	n/a	ordinary	WriteFMIorII@s1.sounddriver.asm:1712-1717
392	978	13	2	0x72728	0x6630	188334	2142	0x7275A	70	branch	taken	control_flow	WriteFMIorII@s1.sounddriver.asm:1712-1717
393	978	13	2	0x7275A	0x142D	188404	2142	0x7275E	84	linear	n/a	ordinary	WriteFMIIPart@s1.sounddriver.asm:1745-1750
394	978	13	2	0x7275E	0x0882	188488	2142	0x72762	84	linear	n/a	ordinary	WriteFMIIPart@s1.sounddriver.asm:1745-1750
395	978	13	2	0x72762	0xD002	188572	2142	0x72764	28	linear	n/a	ordinary	WriteFMIIPart@s1.sounddriver.asm:1745-1750
396	978	13	2	0x72764	0x1439	188600	2142	0x7276A	119	linear	n/a	ordinary,busy_poll	WriteFMII@s1.sounddriver.asm:1752-1769
397	978	13	2	0x7276A	0x0802	188719	2142	0x7276E	84	linear	n/a	ordinary,busy_poll	WriteFMII@s1.sounddriver.asm:1752-1769
398	978	13	2	0x7276E	0x66F4	188803	2156	0x72764	70	branch	taken	control_flow	WriteFMII@s1.sounddriver.asm:1752-1769
399	978	13	2	0x72764	0x1439	188873	2156	0x7276A	119	linear	n/a	ordinary,busy_poll	WriteFMII@s1.sounddriver.asm:1752-1769
400	978	13	2	0x7276A	0x0802	188992	2156	0x7276E	70	linear	n/a	ordinary,busy_poll	WriteFMII@s1.sounddriver.asm:1752-1769
401	978	13	2	0x7276E	0x66F4	189062	2156	0x72764	70	branch	taken	control_flow	WriteFMII@s1.sounddriver.asm:1752-1769
402	978	13	2	0x72764	0x1439	189132	2156	0x7276A	119	linear	n/a	ordinary,busy_poll	WriteFMII@s1.sounddriver.asm:1752-1769
403	978	13	2	0x7276A	0x0802	189251	2156	0x7276E	70	linear	n/a	ordinary,busy_poll	WriteFMII@s1.sounddriver.asm:1752-1769
404	978	13	2	0x7276E	0x66F4	189321	2156	0x72770	56	branch	not_taken	control_flow	WriteFMII@s1.sounddriver.asm:1752-1769
405	978	13	2	0x72770	0x13C0	189377	2156	0x72776	119	linear	n/a	ordinary	WriteFMII@s1.sounddriver.asm:1752-1769
406	978	13	2	0x72776	0x4E71	189496	2156	0x72778	28	linear	n/a	ordinary	WriteFMII@s1.sounddriver.asm:1752-1769
407	978	13	2	0x72778	0x4E71	189524	2156	0x7277A	28	linear	n/a	ordinary	WriteFMII@s1.sounddriver.asm:1752-1769
408	978	13	2	0x7277A	0x4E71	189552	2156	0x7277C	28	linear	n/a	ordinary	WriteFMII@s1.sounddriver.asm:1752-1769
409	978	13	2	0x7277C	0x1439	189580	2156	0x72782	119	linear	n/a	ordinary,busy_poll	WriteFMII@s1.sounddriver.asm:1752-1769
410	978	13	2	0x72782	0x0802	189699	2156	0x72786	84	linear	n/a	ordinary,busy_poll	WriteFMII@s1.sounddriver.asm:1752-1769
411	978	13	2	0x72786	0x66F4	189783	2170	0x72788	56	branch	not_taken	control_flow,busy_poll	WriteFMII@s1.sounddriver.asm:1752-1769
412	978	13	2	0x72788	0x13C1	189839	2170	0x7278E	119	linear	n/a	ordinary,ym_write	WriteFMII@s1.sounddriver.asm:1752-1769
413	978	14	2	0x7278E	0x4E75	189958	2170	0x72C7A	112	return	target=0x72C7A	control_flow	WriteFMII@s1.sounddriver.asm:1752-1769
414	978	14	2	0x72C7A	0x51CB	190070	2170	0x72C72	70	branch	taken	control_flow	SetVoice@s1.sounddriver.asm:2328-2375
415	978	14	2	0x72C72	0x101A	190140	2170	0x72C74	56	linear	n/a	ordinary	SetVoice@s1.sounddriver.asm:2328-2375
416	978	14	2	0x72C74	0x1219	190196	2170	0x72C76	56	linear	n/a	ordinary	SetVoice@s1.sounddriver.asm:2328-2375
417	978	14	2	0x72C76	0x4EBA	190252	2170	0x72722	126	call	target=0x72722	control_flow	SetVoice@s1.sounddriver.asm:2328-2375
418	978	14	2	0x72722	0x082D	190378	2170	0x72728	112	linear	n/a	ordinary	WriteFMIorII@s1.sounddriver.asm:1712-1717
419	978	14	2	0x72728	0x6630	190490	2170	0x7275A	70	branch	taken	control_flow	WriteFMIorII@s1.sounddriver.asm:1712-1717
420	978	14	2	0x7275A	0x142D	190560	2170	0x7275E	84	linear	n/a	ordinary	WriteFMIIPart@s1.sounddriver.asm:1745-1750
421	978	14	2	0x7275E	0x0882	190644	2170	0x72762	98	linear	n/a	ordinary	WriteFMIIPart@s1.sounddriver.asm:1745-1750
422	978	14	2	0x72762	0xD002	190742	2184	0x72764	28	linear	n/a	ordinary	WriteFMIIPart@s1.sounddriver.asm:1745-1750
423	978	14	2	0x72764	0x1439	190770	2184	0x7276A	119	linear	n/a	ordinary,busy_poll	WriteFMII@s1.sounddriver.asm:1752-1769
424	978	14	2	0x7276A	0x0802	190889	2184	0x7276E	70	linear	n/a	ordinary,busy_poll	WriteFMII@s1.sounddriver.asm:1752-1769
425	978	14	2	0x7276E	0x66F4	190959	2184	0x72764	70	branch	taken	control_flow	WriteFMII@s1.sounddriver.asm:1752-1769
426	978	14	2	0x72764	0x1439	191029	2184	0x7276A	119	linear	n/a	ordinary,busy_poll	WriteFMII@s1.sounddriver.asm:1752-1769
427	978	14	2	0x7276A	0x0802	191148	2184	0x7276E	70	linear	n/a	ordinary,busy_poll	WriteFMII@s1.sounddriver.asm:1752-1769
428	978	14	2	0x7276E	0x66F4	191218	2184	0x72764	70	branch	taken	control_flow	WriteFMII@s1.sounddriver.asm:1752-1769
429	978	14	2	0x72764	0x1439	191288	2184	0x7276A	119	linear	n/a	ordinary,busy_poll	WriteFMII@s1.sounddriver.asm:1752-1769
430	978	14	2	0x7276A	0x0802	191407	2184	0x7276E	70	linear	n/a	ordinary,busy_poll	WriteFMII@s1.sounddriver.asm:1752-1769
431	978	14	2	0x7276E	0x66F4	191477	2184	0x72770	56	branch	not_taken	control_flow	WriteFMII@s1.sounddriver.asm:1752-1769
432	978	14	2	0x72770	0x13C0	191533	2184	0x72776	119	linear	n/a	ordinary	WriteFMII@s1.sounddriver.asm:1752-1769
433	978	14	2	0x72776	0x4E71	191652	2184	0x72778	42	linear	n/a	ordinary	WriteFMII@s1.sounddriver.asm:1752-1769
434	978	14	2	0x72778	0x4E71	191694	2198	0x7277A	28	linear	n/a	ordinary	WriteFMII@s1.sounddriver.asm:1752-1769
435	978	14	2	0x7277A	0x4E71	191722	2198	0x7277C	28	linear	n/a	ordinary	WriteFMII@s1.sounddriver.asm:1752-1769
436	978	14	2	0x7277C	0x1439	191750	2198	0x72782	119	linear	n/a	ordinary,busy_poll	WriteFMII@s1.sounddriver.asm:1752-1769
437	978	14	2	0x72782	0x0802	191869	2198	0x72786	70	linear	n/a	ordinary,busy_poll	WriteFMII@s1.sounddriver.asm:1752-1769
438	978	14	2	0x72786	0x66F4	191939	2198	0x72788	56	branch	not_taken	control_flow,busy_poll	WriteFMII@s1.sounddriver.asm:1752-1769
439	978	14	2	0x72788	0x13C1	191995	2198	0x7278E	119	linear	n/a	ordinary,ym_write	WriteFMII@s1.sounddriver.asm:1752-1769
440	978	15	2	0x7278E	0x4E75	192114	2198	0x72C7A	112	return	target=0x72C7A	control_flow	WriteFMII@s1.sounddriver.asm:1752-1769
441	978	15	2	0x72C7A	0x51CB	192226	2198	0x72C72	70	branch	taken	control_flow	SetVoice@s1.sounddriver.asm:2328-2375
442	978	15	2	0x72C72	0x101A	192296	2198	0x72C74	56	linear	n/a	ordinary	SetVoice@s1.sounddriver.asm:2328-2375
443	978	15	2	0x72C74	0x1219	192352	2198	0x72C76	56	linear	n/a	ordinary	SetVoice@s1.sounddriver.asm:2328-2375
444	978	15	2	0x72C76	0x4EBA	192408	2198	0x72722	126	call	target=0x72722	control_flow	SetVoice@s1.sounddriver.asm:2328-2375
445	978	15	2	0x72722	0x082D	192534	2198	0x72728	112	linear	n/a	ordinary	WriteFMIorII@s1.sounddriver.asm:1712-1717
446	978	15	2	0x72728	0x6630	192646	2198	0x7275A	84	branch	taken	control_flow	WriteFMIorII@s1.sounddriver.asm:1712-1717
447	978	15	2	0x7275A	0x142D	192730	2212	0x7275E	84	linear	n/a	ordinary	WriteFMIIPart@s1.sounddriver.asm:1745-1750
448	978	15	2	0x7275E	0x0882	192814	2212	0x72762	84	linear	n/a	ordinary	WriteFMIIPart@s1.sounddriver.asm:1745-1750
449	978	15	2	0x72762	0xD002	192898	2212	0x72764	28	linear	n/a	ordinary	WriteFMIIPart@s1.sounddriver.asm:1745-1750
450	978	15	2	0x72764	0x1439	192926	2212	0x7276A	119	linear	n/a	ordinary,busy_poll	WriteFMII@s1.sounddriver.asm:1752-1769
451	978	15	2	0x7276A	0x0802	193045	2212	0x7276E	70	linear	n/a	ordinary,busy_poll	WriteFMII@s1.sounddriver.asm:1752-1769
452	978	15	2	0x7276E	0x66F4	193115	2212	0x72764	70	branch	taken	control_flow	WriteFMII@s1.sounddriver.asm:1752-1769
453	978	15	2	0x72764	0x1439	193185	2212	0x7276A	119	linear	n/a	ordinary,busy_poll	WriteFMII@s1.sounddriver.asm:1752-1769
454	978	15	2	0x7276A	0x0802	193304	2212	0x7276E	70	linear	n/a	ordinary,busy_poll	WriteFMII@s1.sounddriver.asm:1752-1769
455	978	15	2	0x7276E	0x66F4	193374	2212	0x72764	70	branch	taken	control_flow	WriteFMII@s1.sounddriver.asm:1752-1769
456	978	15	2	0x72764	0x1439	193444	2212	0x7276A	119	linear	n/a	ordinary,busy_poll	WriteFMII@s1.sounddriver.asm:1752-1769
457	978	15	2	0x7276A	0x0802	193563	2212	0x7276E	84	linear	n/a	ordinary,busy_poll	WriteFMII@s1.sounddriver.asm:1752-1769
458	978	15	2	0x7276E	0x66F4	193647	2226	0x72770	56	branch	not_taken	control_flow	WriteFMII@s1.sounddriver.asm:1752-1769
459	978	15	2	0x72770	0x13C0	193703	2226	0x72776	119	linear	n/a	ordinary	WriteFMII@s1.sounddriver.asm:1752-1769
460	978	15	2	0x72776	0x4E71	193822	2226	0x72778	28	linear	n/a	ordinary	WriteFMII@s1.sounddriver.asm:1752-1769
461	978	15	2	0x72778	0x4E71	193850	2226	0x7277A	28	linear	n/a	ordinary	WriteFMII@s1.sounddriver.asm:1752-1769
462	978	15	2	0x7277A	0x4E71	193878	2226	0x7277C	28	linear	n/a	ordinary	WriteFMII@s1.sounddriver.asm:1752-1769
463	978	15	2	0x7277C	0x1439	193906	2226	0x72782	119	linear	n/a	ordinary,busy_poll	WriteFMII@s1.sounddriver.asm:1752-1769
464	978	15	2	0x72782	0x0802	194025	2226	0x72786	70	linear	n/a	ordinary,busy_poll	WriteFMII@s1.sounddriver.asm:1752-1769
465	978	15	2	0x72786	0x66F4	194095	2226	0x72788	56	branch	not_taken	control_flow,busy_poll	WriteFMII@s1.sounddriver.asm:1752-1769
466	978	15	2	0x72788	0x13C1	194151	2226	0x7278E	119	linear	n/a	ordinary,ym_write	WriteFMII@s1.sounddriver.asm:1752-1769
467	978	16	2	0x7278E	0x4E75	194270	2226	0x72C7A	112	return	target=0x72C7A	control_flow	WriteFMII@s1.sounddriver.asm:1752-1769
468	978	16	2	0x72C7A	0x51CB	194382	2226	0x72C72	70	branch	taken	control_flow	SetVoice@s1.sounddriver.asm:2328-2375
469	978	16	2	0x72C72	0x101A	194452	2226	0x72C74	56	linear	n/a	ordinary	SetVoice@s1.sounddriver.asm:2328-2375
470	978	16	2	0x72C74	0x1219	194508	2226	0x72C76	70	linear	n/a	ordinary	SetVoice@s1.sounddriver.asm:2328-2375
471	978	16	2	0x72C76	0x4EBA	194578	2240	0x72722	126	call	target=0x72722	control_flow	SetVoice@s1.sounddriver.asm:2328-2375
472	978	16	2	0x72722	0x082D	194704	2240	0x72728	112	linear	n/a	ordinary	WriteFMIorII@s1.sounddriver.asm:1712-1717
473	978	16	2	0x72728	0x6630	194816	2240	0x7275A	70	branch	taken	control_flow	WriteFMIorII@s1.sounddriver.asm:1712-1717
474	978	16	2	0x7275A	0x142D	194886	2240	0x7275E	84	linear	n/a	ordinary	WriteFMIIPart@s1.sounddriver.asm:1745-1750
475	978	16	2	0x7275E	0x0882	194970	2240	0x72762	84	linear	n/a	ordinary	WriteFMIIPart@s1.sounddriver.asm:1745-1750
476	978	16	2	0x72762	0xD002	195054	2240	0x72764	28	linear	n/a	ordinary	WriteFMIIPart@s1.sounddriver.asm:1745-1750
477	978	16	2	0x72764	0x1439	195082	2240	0x7276A	119	linear	n/a	ordinary,busy_poll	WriteFMII@s1.sounddriver.asm:1752-1769
478	978	16	2	0x7276A	0x0802	195201	2240	0x7276E	70	linear	n/a	ordinary,busy_poll	WriteFMII@s1.sounddriver.asm:1752-1769
479	978	16	2	0x7276E	0x66F4	195271	2240	0x72764	70	branch	taken	control_flow	WriteFMII@s1.sounddriver.asm:1752-1769
480	978	16	2	0x72764	0x1439	195341	2240	0x7276A	119	linear	n/a	ordinary,busy_poll	WriteFMII@s1.sounddriver.asm:1752-1769
481	978	16	2	0x7276A	0x0802	195460	2240	0x7276E	84	linear	n/a	ordinary,busy_poll	WriteFMII@s1.sounddriver.asm:1752-1769
482	978	16	2	0x7276E	0x66F4	195544	2254	0x72764	70	branch	taken	control_flow	WriteFMII@s1.sounddriver.asm:1752-1769
483	978	16	2	0x72764	0x1439	195614	2254	0x7276A	119	linear	n/a	ordinary,busy_poll	WriteFMII@s1.sounddriver.asm:1752-1769
484	978	16	2	0x7276A	0x0802	195733	2254	0x7276E	70	linear	n/a	ordinary,busy_poll	WriteFMII@s1.sounddriver.asm:1752-1769
485	978	16	2	0x7276E	0x66F4	195803	2254	0x72770	56	branch	not_taken	control_flow	WriteFMII@s1.sounddriver.asm:1752-1769
486	978	16	2	0x72770	0x13C0	195859	2254	0x72776	119	linear	n/a	ordinary	WriteFMII@s1.sounddriver.asm:1752-1769
487	978	16	2	0x72776	0x4E71	195978	2254	0x72778	28	linear	n/a	ordinary	WriteFMII@s1.sounddriver.asm:1752-1769
488	978	16	2	0x72778	0x4E71	196006	2254	0x7277A	28	linear	n/a	ordinary	WriteFMII@s1.sounddriver.asm:1752-1769
489	978	16	2	0x7277A	0x4E71	196034	2254	0x7277C	28	linear	n/a	ordinary	WriteFMII@s1.sounddriver.asm:1752-1769
490	978	16	2	0x7277C	0x1439	196062	2254	0x72782	119	linear	n/a	ordinary,busy_poll	WriteFMII@s1.sounddriver.asm:1752-1769
491	978	16	2	0x72782	0x0802	196181	2254	0x72786	70	linear	n/a	ordinary,busy_poll	WriteFMII@s1.sounddriver.asm:1752-1769
492	978	16	2	0x72786	0x66F4	196251	2254	0x72788	56	branch	not_taken	control_flow,busy_poll	WriteFMII@s1.sounddriver.asm:1752-1769
493	978	16	2	0x72788	0x13C1	196307	2254	0x7278E	119	linear	n/a	ordinary,ym_write	WriteFMII@s1.sounddriver.asm:1752-1769
494	978	17	2	0x7278E	0x4E75	196426	2254	0x72C7A	126	return	target=0x72C7A	control_flow	WriteFMII@s1.sounddriver.asm:1752-1769
495	978	17	2	0x72C7A	0x51CB	196552	2268	0x72C72	70	branch	taken	control_flow	SetVoice@s1.sounddriver.asm:2328-2375
496	978	17	2	0x72C72	0x101A	196622	2268	0x72C74	56	linear	n/a	ordinary	SetVoice@s1.sounddriver.asm:2328-2375
497	978	17	2	0x72C74	0x1219	196678	2268	0x72C76	56	linear	n/a	ordinary	SetVoice@s1.sounddriver.asm:2328-2375
498	978	17	2	0x72C76	0x4EBA	196734	2268	0x72722	126	call	target=0x72722	control_flow	SetVoice@s1.sounddriver.asm:2328-2375
499	978	17	2	0x72722	0x082D	196860	2268	0x72728	112	linear	n/a	ordinary	WriteFMIorII@s1.sounddriver.asm:1712-1717
500	978	17	2	0x72728	0x6630	196972	2268	0x7275A	70	branch	taken	control_flow	WriteFMIorII@s1.sounddriver.asm:1712-1717
501	978	17	2	0x7275A	0x142D	197042	2268	0x7275E	84	linear	n/a	ordinary	WriteFMIIPart@s1.sounddriver.asm:1745-1750
502	978	17	2	0x7275E	0x0882	197126	2268	0x72762	84	linear	n/a	ordinary	WriteFMIIPart@s1.sounddriver.asm:1745-1750
503	978	17	2	0x72762	0xD002	197210	2268	0x72764	28	linear	n/a	ordinary	WriteFMIIPart@s1.sounddriver.asm:1745-1750
504	978	17	2	0x72764	0x1439	197238	2268	0x7276A	119	linear	n/a	ordinary,busy_poll	WriteFMII@s1.sounddriver.asm:1752-1769
505	978	17	2	0x7276A	0x0802	197357	2268	0x7276E	84	linear	n/a	ordinary,busy_poll	WriteFMII@s1.sounddriver.asm:1752-1769
506	978	17	2	0x7276E	0x66F4	197441	2282	0x72764	70	branch	taken	control_flow	WriteFMII@s1.sounddriver.asm:1752-1769
507	978	17	2	0x72764	0x1439	197511	2282	0x7276A	119	linear	n/a	ordinary,busy_poll	WriteFMII@s1.sounddriver.asm:1752-1769
508	978	17	2	0x7276A	0x0802	197630	2282	0x7276E	70	linear	n/a	ordinary,busy_poll	WriteFMII@s1.sounddriver.asm:1752-1769
509	978	17	2	0x7276E	0x66F4	197700	2282	0x72764	70	branch	taken	control_flow	WriteFMII@s1.sounddriver.asm:1752-1769
510	978	17	2	0x72764	0x1439	197770	2282	0x7276A	119	linear	n/a	ordinary,busy_poll	WriteFMII@s1.sounddriver.asm:1752-1769
511	978	17	2	0x7276A	0x0802	197889	2282	0x7276E	70	linear	n/a	ordinary,busy_poll	WriteFMII@s1.sounddriver.asm:1752-1769
512	978	17	2	0x7276E	0x66F4	197959	2282	0x72770	56	branch	not_taken	control_flow	WriteFMII@s1.sounddriver.asm:1752-1769
513	978	17	2	0x72770	0x13C0	198015	2282	0x72776	119	linear	n/a	ordinary	WriteFMII@s1.sounddriver.asm:1752-1769
514	978	17	2	0x72776	0x4E71	198134	2282	0x72778	28	linear	n/a	ordinary	WriteFMII@s1.sounddriver.asm:1752-1769
515	978	17	2	0x72778	0x4E71	198162	2282	0x7277A	28	linear	n/a	ordinary	WriteFMII@s1.sounddriver.asm:1752-1769
516	978	17	2	0x7277A	0x4E71	198190	2282	0x7277C	28	linear	n/a	ordinary	WriteFMII@s1.sounddriver.asm:1752-1769
517	978	17	2	0x7277C	0x1439	198218	2282	0x72782	119	linear	n/a	ordinary,busy_poll	WriteFMII@s1.sounddriver.asm:1752-1769
518	978	17	2	0x72782	0x0802	198337	2282	0x72786	84	linear	n/a	ordinary,busy_poll	WriteFMII@s1.sounddriver.asm:1752-1769
519	978	17	2	0x72786	0x66F4	198421	2296	0x72788	56	branch	not_taken	control_flow,busy_poll	WriteFMII@s1.sounddriver.asm:1752-1769
520	978	17	2	0x72788	0x13C1	198477	2296	0x7278E	119	linear	n/a	ordinary,ym_write	WriteFMII@s1.sounddriver.asm:1752-1769
521	978	18	2	0x7278E	0x4E75	198596	2296	0x72C7A	112	return	target=0x72C7A	control_flow	WriteFMII@s1.sounddriver.asm:1752-1769
522	978	18	2	0x72C7A	0x51CB	198708	2296	0x72C72	70	branch	taken	control_flow	SetVoice@s1.sounddriver.asm:2328-2375
523	978	18	2	0x72C72	0x101A	198778	2296	0x72C74	56	linear	n/a	ordinary	SetVoice@s1.sounddriver.asm:2328-2375
524	978	18	2	0x72C74	0x1219	198834	2296	0x72C76	56	linear	n/a	ordinary	SetVoice@s1.sounddriver.asm:2328-2375
525	978	18	2	0x72C76	0x4EBA	198890	2296	0x72722	126	call	target=0x72722	control_flow	SetVoice@s1.sounddriver.asm:2328-2375
526	978	18	2	0x72722	0x082D	199016	2296	0x72728	112	linear	n/a	ordinary	WriteFMIorII@s1.sounddriver.asm:1712-1717
527	978	18	2	0x72728	0x6630	199128	2296	0x7275A	70	branch	taken	control_flow	WriteFMIorII@s1.sounddriver.asm:1712-1717
528	978	18	2	0x7275A	0x142D	199198	2296	0x7275E	84	linear	n/a	ordinary	WriteFMIIPart@s1.sounddriver.asm:1745-1750
529	978	18	2	0x7275E	0x0882	199282	2296	0x72762	98	linear	n/a	ordinary	WriteFMIIPart@s1.sounddriver.asm:1745-1750
530	978	18	2	0x72762	0xD002	199380	2310	0x72764	28	linear	n/a	ordinary	WriteFMIIPart@s1.sounddriver.asm:1745-1750
531	978	18	2	0x72764	0x1439	199408	2310	0x7276A	119	linear	n/a	ordinary,busy_poll	WriteFMII@s1.sounddriver.asm:1752-1769
532	978	18	2	0x7276A	0x0802	199527	2310	0x7276E	70	linear	n/a	ordinary,busy_poll	WriteFMII@s1.sounddriver.asm:1752-1769
533	978	18	2	0x7276E	0x66F4	199597	2310	0x72764	70	branch	taken	control_flow	WriteFMII@s1.sounddriver.asm:1752-1769
534	978	18	2	0x72764	0x1439	199667	2310	0x7276A	119	linear	n/a	ordinary,busy_poll	WriteFMII@s1.sounddriver.asm:1752-1769
535	978	18	2	0x7276A	0x0802	199786	2310	0x7276E	70	linear	n/a	ordinary,busy_poll	WriteFMII@s1.sounddriver.asm:1752-1769
536	978	18	2	0x7276E	0x66F4	199856	2310	0x72764	70	branch	taken	control_flow	WriteFMII@s1.sounddriver.asm:1752-1769
537	978	18	2	0x72764	0x1439	199926	2310	0x7276A	119	linear	n/a	ordinary,busy_poll	WriteFMII@s1.sounddriver.asm:1752-1769
538	978	18	2	0x7276A	0x0802	200045	2310	0x7276E	70	linear	n/a	ordinary,busy_poll	WriteFMII@s1.sounddriver.asm:1752-1769
539	978	18	2	0x7276E	0x66F4	200115	2310	0x72770	56	branch	not_taken	control_flow	WriteFMII@s1.sounddriver.asm:1752-1769
540	978	18	2	0x72770	0x13C0	200171	2310	0x72776	119	linear	n/a	ordinary	WriteFMII@s1.sounddriver.asm:1752-1769
541	978	18	2	0x72776	0x4E71	200290	2310	0x72778	42	linear	n/a	ordinary	WriteFMII@s1.sounddriver.asm:1752-1769
542	978	18	2	0x72778	0x4E71	200332	2324	0x7277A	28	linear	n/a	ordinary	WriteFMII@s1.sounddriver.asm:1752-1769
543	978	18	2	0x7277A	0x4E71	200360	2324	0x7277C	28	linear	n/a	ordinary	WriteFMII@s1.sounddriver.asm:1752-1769
544	978	18	2	0x7277C	0x1439	200388	2324	0x72782	119	linear	n/a	ordinary,busy_poll	WriteFMII@s1.sounddriver.asm:1752-1769
545	978	18	2	0x72782	0x0802	200507	2324	0x72786	70	linear	n/a	ordinary,busy_poll	WriteFMII@s1.sounddriver.asm:1752-1769
546	978	18	2	0x72786	0x66F4	200577	2324	0x72788	56	branch	not_taken	control_flow,busy_poll	WriteFMII@s1.sounddriver.asm:1752-1769
547	978	18	2	0x72788	0x13C1	200633	2324	0x7278E	119	linear	n/a	ordinary,ym_write	WriteFMII@s1.sounddriver.asm:1752-1769
548	978	19	2	0x7278E	0x4E75	200752	2324	0x72C7A	112	return	target=0x72C7A	control_flow	WriteFMII@s1.sounddriver.asm:1752-1769
549	978	19	2	0x72C7A	0x51CB	200864	2324	0x72C72	70	branch	taken	control_flow	SetVoice@s1.sounddriver.asm:2328-2375
550	978	19	2	0x72C72	0x101A	200934	2324	0x72C74	56	linear	n/a	ordinary	SetVoice@s1.sounddriver.asm:2328-2375
551	978	19	2	0x72C74	0x1219	200990	2324	0x72C76	56	linear	n/a	ordinary	SetVoice@s1.sounddriver.asm:2328-2375
552	978	19	2	0x72C76	0x4EBA	201046	2324	0x72722	126	call	target=0x72722	control_flow	SetVoice@s1.sounddriver.asm:2328-2375
553	978	19	2	0x72722	0x082D	201172	2324	0x72728	112	linear	n/a	ordinary	WriteFMIorII@s1.sounddriver.asm:1712-1717
554	978	19	2	0x72728	0x6630	201284	2324	0x7275A	84	branch	taken	control_flow	WriteFMIorII@s1.sounddriver.asm:1712-1717
555	978	19	2	0x7275A	0x142D	201368	2338	0x7275E	84	linear	n/a	ordinary	WriteFMIIPart@s1.sounddriver.asm:1745-1750
556	978	19	2	0x7275E	0x0882	201452	2338	0x72762	84	linear	n/a	ordinary	WriteFMIIPart@s1.sounddriver.asm:1745-1750
557	978	19	2	0x72762	0xD002	201536	2338	0x72764	28	linear	n/a	ordinary	WriteFMIIPart@s1.sounddriver.asm:1745-1750
558	978	19	2	0x72764	0x1439	201564	2338	0x7276A	119	linear	n/a	ordinary,busy_poll	WriteFMII@s1.sounddriver.asm:1752-1769
559	978	19	2	0x7276A	0x0802	201683	2338	0x7276E	70	linear	n/a	ordinary,busy_poll	WriteFMII@s1.sounddriver.asm:1752-1769
560	978	19	2	0x7276E	0x66F4	201753	2338	0x72764	70	branch	taken	control_flow	WriteFMII@s1.sounddriver.asm:1752-1769
561	978	19	2	0x72764	0x1439	201823	2338	0x7276A	119	linear	n/a	ordinary,busy_poll	WriteFMII@s1.sounddriver.asm:1752-1769
562	978	19	2	0x7276A	0x0802	201942	2338	0x7276E	70	linear	n/a	ordinary,busy_poll	WriteFMII@s1.sounddriver.asm:1752-1769
563	978	19	2	0x7276E	0x66F4	202012	2338	0x72764	70	branch	taken	control_flow	WriteFMII@s1.sounddriver.asm:1752-1769
564	978	19	2	0x72764	0x1439	202082	2338	0x7276A	119	linear	n/a	ordinary,busy_poll	WriteFMII@s1.sounddriver.asm:1752-1769
565	978	19	2	0x7276A	0x0802	202201	2338	0x7276E	84	linear	n/a	ordinary,busy_poll	WriteFMII@s1.sounddriver.asm:1752-1769
566	978	19	2	0x7276E	0x66F4	202285	2352	0x72770	56	branch	not_taken	control_flow	WriteFMII@s1.sounddriver.asm:1752-1769
567	978	19	2	0x72770	0x13C0	202341	2352	0x72776	119	linear	n/a	ordinary	WriteFMII@s1.sounddriver.asm:1752-1769
568	978	19	2	0x72776	0x4E71	202460	2352	0x72778	28	linear	n/a	ordinary	WriteFMII@s1.sounddriver.asm:1752-1769
569	978	19	2	0x72778	0x4E71	202488	2352	0x7277A	28	linear	n/a	ordinary	WriteFMII@s1.sounddriver.asm:1752-1769
570	978	19	2	0x7277A	0x4E71	202516	2352	0x7277C	28	linear	n/a	ordinary	WriteFMII@s1.sounddriver.asm:1752-1769
571	978	19	2	0x7277C	0x1439	202544	2352	0x72782	119	linear	n/a	ordinary,busy_poll	WriteFMII@s1.sounddriver.asm:1752-1769
572	978	19	2	0x72782	0x0802	202663	2352	0x72786	70	linear	n/a	ordinary,busy_poll	WriteFMII@s1.sounddriver.asm:1752-1769
573	978	19	2	0x72786	0x66F4	202733	2352	0x72788	56	branch	not_taken	control_flow,busy_poll	WriteFMII@s1.sounddriver.asm:1752-1769
574	978	19	2	0x72788	0x13C1	202789	2352	0x7278E	119	linear	n/a	ordinary,ym_write	WriteFMII@s1.sounddriver.asm:1752-1769
575	978	20	2	0x7278E	0x4E75	202908	2352	0x72C7A	112	return	target=0x72C7A	control_flow	WriteFMII@s1.sounddriver.asm:1752-1769
576	978	20	2	0x72C7A	0x51CB	203020	2352	0x72C7E	98	branch	not_taken	control_flow	SetVoice@s1.sounddriver.asm:2328-2375
577	978	20	2	0x72C7E	0x7A03	203118	2352	0x72C80	42	linear	n/a	ordinary	SetVoice@s1.sounddriver.asm:2328-2375
578	978	20	2	0x72C80	0x0244	203160	2366	0x72C84	56	linear	n/a	ordinary	SetVoice@s1.sounddriver.asm:2328-2375
579	978	20	2	0x72C84	0x183B	203216	2366	0x72C88	98	linear	n/a	ordinary	SetVoice@s1.sounddriver.asm:2328-2375
580	978	20	2	0x72C88	0x162D	203314	2366	0x72C8C	84	linear	n/a	ordinary	SetVoice@s1.sounddriver.asm:2328-2375
581	978	20	2	0x72C8C	0x101A	203398	2366	0x72C8E	56	linear	n/a	ordinary	SetVoice@s1.sounddriver.asm:2328-2375
582	978	20	2	0x72C8E	0x1219	203454	2366	0x72C90	56	linear	n/a	ordinary	SetVoice@s1.sounddriver.asm:2328-2375
583	978	20	2	0x72C90	0xE20C	203510	2366	0x72C92	56	linear	n/a	ordinary	SetVoice@s1.sounddriver.asm:2328-2375
584	978	20	2	0x72C92	0x6402	203566	2366	0x72C96	70	branch	taken	control_flow	SetVoice@s1.sounddriver.asm:2328-2375
585	978	20	2	0x72C96	0x4EBA	203636	2366	0x72722	126	call	target=0x72722	control_flow	SetVoice@s1.sounddriver.asm:2328-2375
586	978	20	2	0x72722	0x082D	203762	2366	0x72728	112	linear	n/a	ordinary	WriteFMIorII@s1.sounddriver.asm:1712-1717
587	978	20	2	0x72728	0x6630	203874	2366	0x7275A	70	branch	taken	control_flow	WriteFMIorII@s1.sounddriver.asm:1712-1717
588	978	20	2	0x7275A	0x142D	203944	2366	0x7275E	84	linear	n/a	ordinary	WriteFMIIPart@s1.sounddriver.asm:1745-1750
589	978	20	2	0x7275E	0x0882	204028	2366	0x72762	98	linear	n/a	ordinary	WriteFMIIPart@s1.sounddriver.asm:1745-1750
590	978	20	2	0x72762	0xD002	204126	2380	0x72764	28	linear	n/a	ordinary	WriteFMIIPart@s1.sounddriver.asm:1745-1750
591	978	20	2	0x72764	0x1439	204154	2380	0x7276A	119	linear	n/a	ordinary,busy_poll	WriteFMII@s1.sounddriver.asm:1752-1769
592	978	20	2	0x7276A	0x0802	204273	2380	0x7276E	70	linear	n/a	ordinary,busy_poll	WriteFMII@s1.sounddriver.asm:1752-1769
593	978	20	2	0x7276E	0x66F4	204343	2380	0x72764	70	branch	taken	control_flow	WriteFMII@s1.sounddriver.asm:1752-1769
594	978	20	2	0x72764	0x1439	204413	2380	0x7276A	119	linear	n/a	ordinary,busy_poll	WriteFMII@s1.sounddriver.asm:1752-1769
595	978	20	2	0x7276A	0x0802	204532	2380	0x7276E	70	linear	n/a	ordinary,busy_poll	WriteFMII@s1.sounddriver.asm:1752-1769
596	978	20	2	0x7276E	0x66F4	204602	2380	0x72770	56	branch	not_taken	control_flow	WriteFMII@s1.sounddriver.asm:1752-1769
597	978	20	2	0x72770	0x13C0	204658	2380	0x72776	119	linear	n/a	ordinary	WriteFMII@s1.sounddriver.asm:1752-1769
598	978	20	2	0x72776	0x4E71	204777	2380	0x72778	28	linear	n/a	ordinary	WriteFMII@s1.sounddriver.asm:1752-1769
599	978	20	2	0x72778	0x4E71	204805	2380	0x7277A	28	linear	n/a	ordinary	WriteFMII@s1.sounddriver.asm:1752-1769
600	978	20	2	0x7277A	0x4E71	204833	2380	0x7277C	28	linear	n/a	ordinary	WriteFMII@s1.sounddriver.asm:1752-1769
601	978	20	2	0x7277C	0x1439	204861	2380	0x72782	119	linear	n/a	ordinary,busy_poll	WriteFMII@s1.sounddriver.asm:1752-1769
602	978	20	2	0x72782	0x0802	204980	2380	0x72786	84	linear	n/a	ordinary,busy_poll	WriteFMII@s1.sounddriver.asm:1752-1769
603	978	20	2	0x72786	0x66F4	205064	2394	0x72788	56	branch	not_taken	control_flow,busy_poll	WriteFMII@s1.sounddriver.asm:1752-1769
604	978	20	2	0x72788	0x13C1	205120	2394	0x7278E	119	linear	n/a	ordinary,ym_write	WriteFMII@s1.sounddriver.asm:1752-1769
605	978	21	2	0x7278E	0x4E75	205239	2394	0x72C9A	112	return	target=0x72C9A	control_flow	WriteFMII@s1.sounddriver.asm:1752-1769
606	978	21	2	0x72C9A	0x51CD	205351	2394	0x72C8C	70	branch	taken	control_flow	SetVoice@s1.sounddriver.asm:2328-2375
607	978	21	2	0x72C8C	0x101A	205421	2394	0x72C8E	56	linear	n/a	ordinary	SetVoice@s1.sounddriver.asm:2328-2375
608	978	21	2	0x72C8E	0x1219	205477	2394	0x72C90	56	linear	n/a	ordinary	SetVoice@s1.sounddriver.asm:2328-2375
609	978	21	2	0x72C90	0xE20C	205533	2394	0x72C92	56	linear	n/a	ordinary	SetVoice@s1.sounddriver.asm:2328-2375
610	978	21	2	0x72C92	0x6402	205589	2394	0x72C94	56	branch	not_taken	control_flow	SetVoice@s1.sounddriver.asm:2328-2375
611	978	21	2	0x72C94	0xD203	205645	2394	0x72C96	28	linear	n/a	ordinary	SetVoice@s1.sounddriver.asm:2328-2375
612	978	21	2	0x72C96	0x4EBA	205673	2394	0x72722	126	call	target=0x72722	control_flow	SetVoice@s1.sounddriver.asm:2328-2375
613	978	21	2	0x72722	0x082D	205799	2394	0x72728	112	linear	n/a	ordinary	WriteFMIorII@s1.sounddriver.asm:1712-1717
614	978	21	2	0x72728	0x6630	205911	2394	0x7275A	84	branch	taken	control_flow	WriteFMIorII@s1.sounddriver.asm:1712-1717
615	978	21	2	0x7275A	0x142D	205995	2408	0x7275E	84	linear	n/a	ordinary	WriteFMIIPart@s1.sounddriver.asm:1745-1750
616	978	21	2	0x7275E	0x0882	206079	2408	0x72762	84	linear	n/a	ordinary	WriteFMIIPart@s1.sounddriver.asm:1745-1750
617	978	21	2	0x72762	0xD002	206163	2408	0x72764	28	linear	n/a	ordinary	WriteFMIIPart@s1.sounddriver.asm:1745-1750
618	978	21	2	0x72764	0x1439	206191	2408	0x7276A	119	linear	n/a	ordinary,busy_poll	WriteFMII@s1.sounddriver.asm:1752-1769
619	978	21	2	0x7276A	0x0802	206310	2408	0x7276E	70	linear	n/a	ordinary,busy_poll	WriteFMII@s1.sounddriver.asm:1752-1769
620	978	21	2	0x7276E	0x66F4	206380	2408	0x72764	70	branch	taken	control_flow	WriteFMII@s1.sounddriver.asm:1752-1769
621	978	21	2	0x72764	0x1439	206450	2408	0x7276A	119	linear	n/a	ordinary,busy_poll	WriteFMII@s1.sounddriver.asm:1752-1769
622	978	21	2	0x7276A	0x0802	206569	2408	0x7276E	70	linear	n/a	ordinary,busy_poll	WriteFMII@s1.sounddriver.asm:1752-1769
623	978	21	2	0x7276E	0x66F4	206639	2408	0x72764	70	branch	taken	control_flow	WriteFMII@s1.sounddriver.asm:1752-1769
624	978	21	2	0x72764	0x1439	206709	2408	0x7276A	119	linear	n/a	ordinary,busy_poll	WriteFMII@s1.sounddriver.asm:1752-1769
625	978	21	2	0x7276A	0x0802	206828	2408	0x7276E	84	linear	n/a	ordinary,busy_poll	WriteFMII@s1.sounddriver.asm:1752-1769
626	978	21	2	0x7276E	0x66F4	206912	2422	0x72770	56	branch	not_taken	control_flow	WriteFMII@s1.sounddriver.asm:1752-1769
627	978	21	2	0x72770	0x13C0	206968	2422	0x72776	119	linear	n/a	ordinary	WriteFMII@s1.sounddriver.asm:1752-1769
628	978	21	2	0x72776	0x4E71	207087	2422	0x72778	28	linear	n/a	ordinary	WriteFMII@s1.sounddriver.asm:1752-1769
629	978	21	2	0x72778	0x4E71	207115	2422	0x7277A	28	linear	n/a	ordinary	WriteFMII@s1.sounddriver.asm:1752-1769
630	978	21	2	0x7277A	0x4E71	207143	2422	0x7277C	28	linear	n/a	ordinary	WriteFMII@s1.sounddriver.asm:1752-1769
631	978	21	2	0x7277C	0x1439	207171	2422	0x72782	119	linear	n/a	ordinary,busy_poll	WriteFMII@s1.sounddriver.asm:1752-1769
632	978	21	2	0x72782	0x0802	207290	2422	0x72786	70	linear	n/a	ordinary,busy_poll	WriteFMII@s1.sounddriver.asm:1752-1769
633	978	21	2	0x72786	0x66F4	207360	2422	0x72788	56	branch	not_taken	control_flow,busy_poll	WriteFMII@s1.sounddriver.asm:1752-1769
634	978	21	2	0x72788	0x13C1	207416	2422	0x7278E	119	linear	n/a	ordinary,ym_write	WriteFMII@s1.sounddriver.asm:1752-1769
635	978	22	2	0x7278E	0x4E75	207535	2422	0x72C9A	112	return	target=0x72C9A	control_flow	WriteFMII@s1.sounddriver.asm:1752-1769
636	978	22	2	0x72C9A	0x51CD	207647	2422	0x72C8C	70	branch	taken	control_flow	SetVoice@s1.sounddriver.asm:2328-2375
637	978	22	2	0x72C8C	0x101A	207717	2422	0x72C8E	56	linear	n/a	ordinary	SetVoice@s1.sounddriver.asm:2328-2375
638	978	22	2	0x72C8E	0x1219	207773	2422	0x72C90	70	linear	n/a	ordinary	SetVoice@s1.sounddriver.asm:2328-2375
639	978	22	2	0x72C90	0xE20C	207843	2436	0x72C92	56	linear	n/a	ordinary	SetVoice@s1.sounddriver.asm:2328-2375
640	978	22	2	0x72C92	0x6402	207899	2436	0x72C96	70	branch	taken	control_flow	SetVoice@s1.sounddriver.asm:2328-2375
641	978	22	2	0x72C96	0x4EBA	207969	2436	0x72722	126	call	target=0x72722	control_flow	SetVoice@s1.sounddriver.asm:2328-2375
642	978	22	2	0x72722	0x082D	208095	2436	0x72728	112	linear	n/a	ordinary	WriteFMIorII@s1.sounddriver.asm:1712-1717
643	978	22	2	0x72728	0x6630	208207	2436	0x7275A	70	branch	taken	control_flow	WriteFMIorII@s1.sounddriver.asm:1712-1717
644	978	22	2	0x7275A	0x142D	208277	2436	0x7275E	84	linear	n/a	ordinary	WriteFMIIPart@s1.sounddriver.asm:1745-1750
645	978	22	2	0x7275E	0x0882	208361	2436	0x72762	84	linear	n/a	ordinary	WriteFMIIPart@s1.sounddriver.asm:1745-1750
646	978	22	2	0x72762	0xD002	208445	2436	0x72764	28	linear	n/a	ordinary	WriteFMIIPart@s1.sounddriver.asm:1745-1750
647	978	22	2	0x72764	0x1439	208473	2436	0x7276A	119	linear	n/a	ordinary,busy_poll	WriteFMII@s1.sounddriver.asm:1752-1769
648	978	22	2	0x7276A	0x0802	208592	2436	0x7276E	70	linear	n/a	ordinary,busy_poll	WriteFMII@s1.sounddriver.asm:1752-1769
649	978	22	2	0x7276E	0x66F4	208662	2436	0x72764	70	branch	taken	control_flow	WriteFMII@s1.sounddriver.asm:1752-1769
650	978	22	2	0x72764	0x1439	208732	2436	0x7276A	133	linear	n/a	ordinary,busy_poll	WriteFMII@s1.sounddriver.asm:1752-1769
651	978	22	2	0x7276A	0x0802	208865	2450	0x7276E	70	linear	n/a	ordinary,busy_poll	WriteFMII@s1.sounddriver.asm:1752-1769
652	978	22	2	0x7276E	0x66F4	208935	2450	0x72764	70	branch	taken	control_flow	WriteFMII@s1.sounddriver.asm:1752-1769
653	978	22	2	0x72764	0x1439	209005	2450	0x7276A	119	linear	n/a	ordinary,busy_poll	WriteFMII@s1.sounddriver.asm:1752-1769
654	978	22	2	0x7276A	0x0802	209124	2450	0x7276E	70	linear	n/a	ordinary,busy_poll	WriteFMII@s1.sounddriver.asm:1752-1769
655	978	22	2	0x7276E	0x66F4	209194	2450	0x72770	56	branch	not_taken	control_flow	WriteFMII@s1.sounddriver.asm:1752-1769
656	978	22	2	0x72770	0x13C0	209250	2450	0x72776	119	linear	n/a	ordinary	WriteFMII@s1.sounddriver.asm:1752-1769
657	978	22	2	0x72776	0x4E71	209369	2450	0x72778	28	linear	n/a	ordinary	WriteFMII@s1.sounddriver.asm:1752-1769
658	978	22	2	0x72778	0x4E71	209397	2450	0x7277A	28	linear	n/a	ordinary	WriteFMII@s1.sounddriver.asm:1752-1769
659	978	22	2	0x7277A	0x4E71	209425	2450	0x7277C	28	linear	n/a	ordinary	WriteFMII@s1.sounddriver.asm:1752-1769
660	978	22	2	0x7277C	0x1439	209453	2450	0x72782	119	linear	n/a	ordinary,busy_poll	WriteFMII@s1.sounddriver.asm:1752-1769
661	978	22	2	0x72782	0x0802	209572	2450	0x72786	70	linear	n/a	ordinary,busy_poll	WriteFMII@s1.sounddriver.asm:1752-1769
662	978	22	2	0x72786	0x66F4	209642	2450	0x72788	70	branch	not_taken	control_flow,busy_poll	WriteFMII@s1.sounddriver.asm:1752-1769
663	978	22	2	0x72788	0x13C1	209712	2464	0x7278E	119	linear	n/a	ordinary,ym_write	WriteFMII@s1.sounddriver.asm:1752-1769
664	978	23	2	0x7278E	0x4E75	209831	2464	0x72C9A	112	return	target=0x72C9A	control_flow	WriteFMII@s1.sounddriver.asm:1752-1769
665	978	23	2	0x72C9A	0x51CD	209943	2464	0x72C8C	70	branch	taken	control_flow	SetVoice@s1.sounddriver.asm:2328-2375
666	978	23	2	0x72C8C	0x101A	210013	2464	0x72C8E	56	linear	n/a	ordinary	SetVoice@s1.sounddriver.asm:2328-2375
667	978	23	2	0x72C8E	0x1219	210069	2464	0x72C90	56	linear	n/a	ordinary	SetVoice@s1.sounddriver.asm:2328-2375
668	978	23	2	0x72C90	0xE20C	210125	2464	0x72C92	56	linear	n/a	ordinary	SetVoice@s1.sounddriver.asm:2328-2375
669	978	23	2	0x72C92	0x6402	210181	2464	0x72C94	56	branch	not_taken	control_flow	SetVoice@s1.sounddriver.asm:2328-2375
670	978	23	2	0x72C94	0xD203	210237	2464	0x72C96	28	linear	n/a	ordinary	SetVoice@s1.sounddriver.asm:2328-2375
671	978	23	2	0x72C96	0x4EBA	210265	2464	0x72722	126	call	target=0x72722	control_flow	SetVoice@s1.sounddriver.asm:2328-2375
672	978	23	2	0x72722	0x082D	210391	2464	0x72728	112	linear	n/a	ordinary	WriteFMIorII@s1.sounddriver.asm:1712-1717
673	978	23	2	0x72728	0x6630	210503	2464	0x7275A	70	branch	taken	control_flow	WriteFMIorII@s1.sounddriver.asm:1712-1717
674	978	23	2	0x7275A	0x142D	210573	2464	0x7275E	98	linear	n/a	ordinary	WriteFMIIPart@s1.sounddriver.asm:1745-1750
675	978	23	2	0x7275E	0x0882	210671	2478	0x72762	84	linear	n/a	ordinary	WriteFMIIPart@s1.sounddriver.asm:1745-1750
676	978	23	2	0x72762	0xD002	210755	2478	0x72764	28	linear	n/a	ordinary	WriteFMIIPart@s1.sounddriver.asm:1745-1750
677	978	23	2	0x72764	0x1439	210783	2478	0x7276A	119	linear	n/a	ordinary,busy_poll	WriteFMII@s1.sounddriver.asm:1752-1769
678	978	23	2	0x7276A	0x0802	210902	2478	0x7276E	70	linear	n/a	ordinary,busy_poll	WriteFMII@s1.sounddriver.asm:1752-1769
679	978	23	2	0x7276E	0x66F4	210972	2478	0x72764	70	branch	taken	control_flow	WriteFMII@s1.sounddriver.asm:1752-1769
680	978	23	2	0x72764	0x1439	211042	2478	0x7276A	119	linear	n/a	ordinary,busy_poll	WriteFMII@s1.sounddriver.asm:1752-1769
681	978	23	2	0x7276A	0x0802	211161	2478	0x7276E	70	linear	n/a	ordinary,busy_poll	WriteFMII@s1.sounddriver.asm:1752-1769
682	978	23	2	0x7276E	0x66F4	211231	2478	0x72764	70	branch	taken	control_flow	WriteFMII@s1.sounddriver.asm:1752-1769
683	978	23	2	0x72764	0x1439	211301	2478	0x7276A	119	linear	n/a	ordinary,busy_poll	WriteFMII@s1.sounddriver.asm:1752-1769
684	978	23	2	0x7276A	0x0802	211420	2478	0x7276E	70	linear	n/a	ordinary,busy_poll	WriteFMII@s1.sounddriver.asm:1752-1769
685	978	23	2	0x7276E	0x66F4	211490	2478	0x72770	70	branch	not_taken	control_flow	WriteFMII@s1.sounddriver.asm:1752-1769
686	978	23	2	0x72770	0x13C0	211560	2492	0x72776	119	linear	n/a	ordinary	WriteFMII@s1.sounddriver.asm:1752-1769
687	978	23	2	0x72776	0x4E71	211679	2492	0x72778	28	linear	n/a	ordinary	WriteFMII@s1.sounddriver.asm:1752-1769
688	978	23	2	0x72778	0x4E71	211707	2492	0x7277A	28	linear	n/a	ordinary	WriteFMII@s1.sounddriver.asm:1752-1769
689	978	23	2	0x7277A	0x4E71	211735	2492	0x7277C	28	linear	n/a	ordinary	WriteFMII@s1.sounddriver.asm:1752-1769
690	978	23	2	0x7277C	0x1439	211763	2492	0x72782	119	linear	n/a	ordinary,busy_poll	WriteFMII@s1.sounddriver.asm:1752-1769
691	978	23	2	0x72782	0x0802	211882	2492	0x72786	70	linear	n/a	ordinary,busy_poll	WriteFMII@s1.sounddriver.asm:1752-1769
692	978	23	2	0x72786	0x66F4	211952	2492	0x72788	56	branch	not_taken	control_flow,busy_poll	WriteFMII@s1.sounddriver.asm:1752-1769
693	978	23	2	0x72788	0x13C1	212008	2492	0x7278E	119	linear	n/a	ordinary,ym_write	WriteFMII@s1.sounddriver.asm:1752-1769
694	978	24	2	0x7278E	0x4E75	212127	2492	0x72C9A	112	return	target=0x72C9A	control_flow	WriteFMII@s1.sounddriver.asm:1752-1769
695	978	24	2	0x72C9A	0x51CD	212239	2492	0x72C9E	98	branch	not_taken	control_flow	SetVoice@s1.sounddriver.asm:2328-2375
696	978	24	2	0x72C9E	0x103C	212337	2492	0x72CA2	56	linear	n/a	ordinary	SetVoice@s1.sounddriver.asm:2328-2375
697	978	24	2	0x72CA2	0x122D	212393	2492	0x72CA6	98	linear	n/a	ordinary	SetVoice@s1.sounddriver.asm:2328-2375
698	978	24	2	0x72CA6	0x4EBA	212491	2506	0x72722	126	call	target=0x72722	control_flow	SetVoice@s1.sounddriver.asm:2328-2375
699	978	24	2	0x72722	0x082D	212617	2506	0x72728	112	linear	n/a	ordinary	WriteFMIorII@s1.sounddriver.asm:1712-1717
700	978	24	2	0x72728	0x6630	212729	2506	0x7275A	70	branch	taken	control_flow	WriteFMIorII@s1.sounddriver.asm:1712-1717
701	978	24	2	0x7275A	0x142D	212799	2506	0x7275E	84	linear	n/a	ordinary	WriteFMIIPart@s1.sounddriver.asm:1745-1750
702	978	24	2	0x7275E	0x0882	212883	2506	0x72762	84	linear	n/a	ordinary	WriteFMIIPart@s1.sounddriver.asm:1745-1750
703	978	24	2	0x72762	0xD002	212967	2506	0x72764	28	linear	n/a	ordinary	WriteFMIIPart@s1.sounddriver.asm:1745-1750
704	978	24	2	0x72764	0x1439	212995	2506	0x7276A	119	linear	n/a	ordinary,busy_poll	WriteFMII@s1.sounddriver.asm:1752-1769
705	978	24	2	0x7276A	0x0802	213114	2506	0x7276E	70	linear	n/a	ordinary,busy_poll	WriteFMII@s1.sounddriver.asm:1752-1769
706	978	24	2	0x7276E	0x66F4	213184	2506	0x72764	70	branch	taken	control_flow	WriteFMII@s1.sounddriver.asm:1752-1769
707	978	24	2	0x72764	0x1439	213254	2506	0x7276A	119	linear	n/a	ordinary,busy_poll	WriteFMII@s1.sounddriver.asm:1752-1769
708	978	24	2	0x7276A	0x0802	213373	2506	0x7276E	84	linear	n/a	ordinary,busy_poll	WriteFMII@s1.sounddriver.asm:1752-1769
709	978	24	2	0x7276E	0x66F4	213457	2520	0x72764	70	branch	taken	control_flow	WriteFMII@s1.sounddriver.asm:1752-1769
710	978	24	2	0x72764	0x1439	213527	2520	0x7276A	119	linear	n/a	ordinary,busy_poll	WriteFMII@s1.sounddriver.asm:1752-1769
711	978	24	2	0x7276A	0x0802	213646	2520	0x7276E	70	linear	n/a	ordinary,busy_poll	WriteFMII@s1.sounddriver.asm:1752-1769
712	978	24	2	0x7276E	0x66F4	213716	2520	0x72770	56	branch	not_taken	control_flow	WriteFMII@s1.sounddriver.asm:1752-1769
713	978	24	2	0x72770	0x13C0	213772	2520	0x72776	119	linear	n/a	ordinary	WriteFMII@s1.sounddriver.asm:1752-1769
714	978	24	2	0x72776	0x4E71	213891	2520	0x72778	28	linear	n/a	ordinary	WriteFMII@s1.sounddriver.asm:1752-1769
715	978	24	2	0x72778	0x4E71	213919	2520	0x7277A	28	linear	n/a	ordinary	WriteFMII@s1.sounddriver.asm:1752-1769
716	978	24	2	0x7277A	0x4E71	213947	2520	0x7277C	28	linear	n/a	ordinary	WriteFMII@s1.sounddriver.asm:1752-1769
717	978	24	2	0x7277C	0x1439	213975	2520	0x72782	119	linear	n/a	ordinary,busy_poll	WriteFMII@s1.sounddriver.asm:1752-1769
718	978	24	2	0x72782	0x0802	214094	2520	0x72786	70	linear	n/a	ordinary,busy_poll	WriteFMII@s1.sounddriver.asm:1752-1769
719	978	24	2	0x72786	0x66F4	214164	2520	0x72788	56	branch	not_taken	control_flow,busy_poll	WriteFMII@s1.sounddriver.asm:1752-1769
720	978	24	2	0x72788	0x13C1	214220	2520	0x7278E	119	linear	n/a	ordinary,ym_write	WriteFMII@s1.sounddriver.asm:1752-1769
721	978	25	2	0x7278E	0x4E75	214339	2520	0x72CAA	126	return	target=0x72CAA	control_flow	WriteFMII@s1.sounddriver.asm:1752-1769
722	978	25	2	0x72CAA	0x4E75	214465	2534	0x71D02	112	return	target=0x71D02	control_flow	SetVoice@s1.sounddriver.asm:2328-2375
723	978	25	2	0x71D02	0x60F0	214577	2534	0x71CF4	70	branch	target=0x71CF4	control_flow	FMDoNext@s1.sounddriver.asm:365-393
724	978	25	2	0x71CF4	0x7A00	214647	2534	0x71CF6	28	linear	n/a	ordinary	FMDoNext@s1.sounddriver.asm:365-393
725	978	25	2	0x71CF6	0x1A1C	214675	2534	0x71CF8	56	linear	n/a	ordinary	FMDoNext@s1.sounddriver.asm:365-393
726	978	25	2	0x71CF8	0x0C05	214731	2534	0x71CFC	56	linear	n/a	ordinary	FMDoNext@s1.sounddriver.asm:365-393
727	978	25	2	0x71CFC	0x6506	214787	2534	0x71CFE	56	branch	not_taken	control_flow	FMDoNext@s1.sounddriver.asm:365-393
728	978	25	2	0x71CFE	0x4EBA	214843	2534	0x72A5A	126	call	target=0x72A5A	control_flow	FMDoNext@s1.sounddriver.asm:365-393
729	978	25	2	0x72A5A	0x0445	214969	2534	0x72A5E	56	linear	n/a	ordinary	CoordFlag@s1.sounddriver.asm:2066-2071
730	978	25	2	0x72A5E	0xE54D	215025	2534	0x72A60	70	linear	n/a	ordinary	CoordFlag@s1.sounddriver.asm:2066-2071
731	978	25	2	0x72A60	0x4EFB	215095	2534	0x72A64	98	jump	target=0x72A64	control_flow	CoordFlag@s1.sounddriver.asm:2066-2071
732	978	25	2	0x72A64	0x6000	215193	2534	0x72ACC	70	branch	target=0x72ACC	control_flow	coordflagLookup@s1.sounddriver.asm:2074-2076
733	978	25	2	0x72ACC	0x121C	215263	2534	0x72ACE	70	linear	n/a	ordinary	cfPanningAMSFMS@s1.sounddriver.asm:2128-2138
734	978	25	2	0x72ACE	0x4A2D	215333	2548	0x72AD2	84	linear	n/a	ordinary	cfPanningAMSFMS@s1.sounddriver.asm:2128-2138
735	978	25	2	0x72AD2	0x6B16	215417	2548	0x72AD4	56	branch	not_taken	control_flow	cfPanningAMSFMS@s1.sounddriver.asm:2128-2138
736	978	25	2	0x72AD4	0x102D	215473	2548	0x72AD8	84	linear	n/a	ordinary	cfPanningAMSFMS@s1.sounddriver.asm:2128-2138
737	978	25	2	0x72AD8	0x0200	215557	2548	0x72ADC	56	linear	n/a	ordinary	cfPanningAMSFMS@s1.sounddriver.asm:2128-2138
738	978	25	2	0x72ADC	0x8200	215613	2548	0x72ADE	28	linear	n/a	ordinary	cfPanningAMSFMS@s1.sounddriver.asm:2128-2138
739	978	25	2	0x72ADE	0x1B41	215641	2548	0x72AE2	84	linear	n/a	ordinary	cfPanningAMSFMS@s1.sounddriver.asm:2128-2138
740	978	25	2	0x72AE2	0x103C	215725	2548	0x72AE6	56	linear	n/a	ordinary	cfPanningAMSFMS@s1.sounddriver.asm:2128-2138
741	978	25	2	0x72AE6	0x6000	215781	2548	0x72716	70	branch	target=0x72716	control_flow	cfPanningAMSFMS@s1.sounddriver.asm:2128-2138
742	978	25	2	0x72716	0x0815	215851	2548	0x7271A	84	linear	n/a	ordinary	WriteFMIorIIMain@s1.sounddriver.asm:1701-1709
743	978	25	2	0x7271A	0x6604	215935	2548	0x7271C	56	branch	not_taken	control_flow	WriteFMIorIIMain@s1.sounddriver.asm:1701-1709
744	978	25	2	0x7271C	0x6000	215991	2548	0x72722	70	branch	target=0x72722	control_flow	WriteFMIorIIMain@s1.sounddriver.asm:1701-1709
745	978	25	2	0x72722	0x082D	216061	2548	0x72728	112	linear	n/a	ordinary	WriteFMIorII@s1.sounddriver.asm:1712-1717
746	978	25	2	0x72728	0x6630	216173	2548	0x7275A	84	branch	taken	control_flow	WriteFMIorII@s1.sounddriver.asm:1712-1717
747	978	25	2	0x7275A	0x142D	216257	2562	0x7275E	84	linear	n/a	ordinary	WriteFMIIPart@s1.sounddriver.asm:1745-1750
748	978	25	2	0x7275E	0x0882	216341	2562	0x72762	84	linear	n/a	ordinary	WriteFMIIPart@s1.sounddriver.asm:1745-1750
749	978	25	2	0x72762	0xD002	216425	2562	0x72764	28	linear	n/a	ordinary	WriteFMIIPart@s1.sounddriver.asm:1745-1750
750	978	25	2	0x72764	0x1439	216453	2562	0x7276A	119	linear	n/a	ordinary,busy_poll	WriteFMII@s1.sounddriver.asm:1752-1769
751	978	25	2	0x7276A	0x0802	216572	2562	0x7276E	70	linear	n/a	ordinary,busy_poll	WriteFMII@s1.sounddriver.asm:1752-1769
752	978	25	2	0x7276E	0x66F4	216642	2562	0x72770	56	branch	not_taken	control_flow	WriteFMII@s1.sounddriver.asm:1752-1769
753	978	25	2	0x72770	0x13C0	216698	2562	0x72776	119	linear	n/a	ordinary	WriteFMII@s1.sounddriver.asm:1752-1769
754	978	25	2	0x72776	0x4E71	216817	2562	0x72778	28	linear	n/a	ordinary	WriteFMII@s1.sounddriver.asm:1752-1769
755	978	25	2	0x72778	0x4E71	216845	2562	0x7277A	28	linear	n/a	ordinary	WriteFMII@s1.sounddriver.asm:1752-1769
756	978	25	2	0x7277A	0x4E71	216873	2562	0x7277C	28	linear	n/a	ordinary	WriteFMII@s1.sounddriver.asm:1752-1769
757	978	25	2	0x7277C	0x1439	216901	2562	0x72782	119	linear	n/a	ordinary,busy_poll	WriteFMII@s1.sounddriver.asm:1752-1769
758	978	25	2	0x72782	0x0802	217020	2562	0x72786	70	linear	n/a	ordinary,busy_poll	WriteFMII@s1.sounddriver.asm:1752-1769
759	978	25	2	0x72786	0x66F4	217090	2562	0x72788	70	branch	not_taken	control_flow,busy_poll	WriteFMII@s1.sounddriver.asm:1752-1769
760	978	25	2	0x72788	0x13C1	217160	2576	0x7278E	119	linear	n/a	ordinary,ym_write	WriteFMII@s1.sounddriver.asm:1752-1769
761	978	26	2	0x7278E	0x4E75	217279	2576	0x71D02	112	return	target=0x71D02	control_flow	WriteFMII@s1.sounddriver.asm:1752-1769
762	978	26	2	0x71D02	0x60F0	217391	2576	0x71CF4	70	branch	target=0x71CF4	control_flow	FMDoNext@s1.sounddriver.asm:365-393
763	978	26	2	0x71CF4	0x7A00	217461	2576	0x71CF6	28	linear	n/a	ordinary	FMDoNext@s1.sounddriver.asm:365-393
764	978	26	2	0x71CF6	0x1A1C	217489	2576	0x71CF8	56	linear	n/a	ordinary	FMDoNext@s1.sounddriver.asm:365-393
765	978	26	2	0x71CF8	0x0C05	217545	2576	0x71CFC	56	linear	n/a	ordinary	FMDoNext@s1.sounddriver.asm:365-393
766	978	26	2	0x71CFC	0x6506	217601	2576	0x71D04	70	branch	taken	control_flow	FMDoNext@s1.sounddriver.asm:365-393
767	978	26	2	0x71D04	0x4EBA	217671	2576	0x726FE	126	call	target=0x726FE	control_flow	FMDoNext@s1.sounddriver.asm:365-393
768	978	26	2	0x726FE	0x0815	217797	2576	0x72702	84	linear	n/a	ordinary	FMNoteOff@s1.sounddriver.asm:1683-1698
769	978	26	2	0x72702	0x6610	217881	2576	0x72704	56	branch	not_taken	control_flow	FMNoteOff@s1.sounddriver.asm:1683-1698
770	978	26	2	0x72704	0x0815	217937	2576	0x72708	84	linear	n/a	ordinary	FMNoteOff@s1.sounddriver.asm:1683-1698
771	978	26	2	0x72708	0x660A	218021	2576	0x7270A	70	branch	not_taken	control_flow	FMNoteOff@s1.sounddriver.asm:1683-1698
772	978	26	2	0x7270A	0x7028	218091	2590	0x7270C	28	linear	n/a	ordinary	FMNoteOff@s1.sounddriver.asm:1683-1698
773	978	26	2	0x7270C	0x122D	218119	2590	0x72710	84	linear	n/a	ordinary	FMNoteOff@s1.sounddriver.asm:1683-1698
774	978	26	2	0x72710	0x6000	218203	2590	0x7272E	70	branch	target=0x7272E	control_flow	FMNoteOff@s1.sounddriver.asm:1683-1698
775	978	26	2	0x7272E	0x1439	218273	2590	0x72734	119	linear	n/a	ordinary,busy_poll	WriteFMI@s1.sounddriver.asm:1725-1742
776	978	26	2	0x72734	0x0802	218392	2590	0x72738	70	linear	n/a	ordinary,busy_poll	WriteFMI@s1.sounddriver.asm:1725-1742
777	978	26	2	0x72738	0x66F4	218462	2590	0x7272E	70	branch	taken	control_flow	WriteFMI@s1.sounddriver.asm:1725-1742
778	978	26	2	0x7272E	0x1439	218532	2590	0x72734	119	linear	n/a	ordinary,busy_poll	WriteFMI@s1.sounddriver.asm:1725-1742
779	978	26	2	0x72734	0x0802	218651	2590	0x72738	70	linear	n/a	ordinary,busy_poll	WriteFMI@s1.sounddriver.asm:1725-1742
780	978	26	2	0x72738	0x66F4	218721	2590	0x7273A	56	branch	not_taken	control_flow	WriteFMI@s1.sounddriver.asm:1725-1742
781	978	26	2	0x7273A	0x13C0	218777	2590	0x72740	119	linear	n/a	ordinary	WriteFMI@s1.sounddriver.asm:1725-1742
782	978	26	2	0x72740	0x4E71	218896	2590	0x72742	28	linear	n/a	ordinary	WriteFMI@s1.sounddriver.asm:1725-1742
783	978	26	2	0x72742	0x4E71	218924	2590	0x72744	42	linear	n/a	ordinary	WriteFMI@s1.sounddriver.asm:1725-1742
784	978	26	2	0x72744	0x4E71	218966	2604	0x72746	28	linear	n/a	ordinary	WriteFMI@s1.sounddriver.asm:1725-1742
785	978	26	2	0x72746	0x1439	218994	2604	0x7274C	119	linear	n/a	ordinary,busy_poll	WriteFMI@s1.sounddriver.asm:1725-1742
786	978	26	2	0x7274C	0x0802	219113	2604	0x72750	70	linear	n/a	ordinary,busy_poll	WriteFMI@s1.sounddriver.asm:1725-1742
787	978	26	2	0x72750	0x66F4	219183	2604	0x72752	56	branch	not_taken	control_flow,busy_poll	WriteFMI@s1.sounddriver.asm:1725-1742
788	978	26	2	0x72752	0x13C1	219239	2604	0x72758	119	linear	n/a	ordinary,ym_write	WriteFMI@s1.sounddriver.asm:1725-1742
789	978	27	2	0x72758	0x4E75	219358	2604	0x71D08	112	return	target=0x71D08	control_flow	WriteFMI@s1.sounddriver.asm:1725-1742
790	978	27	2	0x71D08	0x4A05	219470	2604	0x71D0A	28	linear	n/a	ordinary	FMDoNext@s1.sounddriver.asm:365-393
791	978	27	2	0x71D0A	0x6A0E	219498	2604	0x71D0C	56	branch	not_taken	control_flow	FMDoNext@s1.sounddriver.asm:365-393
792	978	27	2	0x71D0C	0x4EBA	219554	2604	0x71D22	126	call	target=0x71D22	control_flow	FMDoNext@s1.sounddriver.asm:365-393
793	978	27	2	0x71D22	0x0405	219680	2604	0x71D26	56	linear	n/a	ordinary	FMSetFreq@s1.sounddriver.asm:396-407
794	978	27	2	0x71D26	0x6730	219736	2604	0x71D28	56	branch	not_taken	control_flow	FMSetFreq@s1.sounddriver.asm:396-407
795	978	27	2	0x71D28	0xDA2D	219792	2604	0x71D2C	84	linear	n/a	ordinary	FMSetFreq@s1.sounddriver.asm:396-407
796	978	27	2	0x71D2C	0x0245	219876	2604	0x71D30	70	linear	n/a	ordinary	FMSetFreq@s1.sounddriver.asm:396-407
797	978	27	2	0x71D30	0xE34D	219946	2618	0x71D32	56	linear	n/a	ordinary	FMSetFreq@s1.sounddriver.asm:396-407
798	978	27	2	0x71D32	0x41FA	220002	2618	0x71D36	56	linear	n/a	ordinary	FMSetFreq@s1.sounddriver.asm:396-407
799	978	27	2	0x71D36	0x3C30	220058	2618	0x71D3A	98	linear	n/a	ordinary	FMSetFreq@s1.sounddriver.asm:396-407
800	978	27	2	0x71D3A	0x3B46	220156	2618	0x71D3E	84	linear	n/a	ordinary	FMSetFreq@s1.sounddriver.asm:396-407
801	978	27	2	0x71D3E	0x4E75	220240	2618	0x71D10	112	return	target=0x71D10	control_flow	FMSetFreq@s1.sounddriver.asm:396-407
802	978	27	2	0x71D10	0x1A1C	220352	2618	0x71D12	56	linear	n/a	ordinary	FMDoNext@s1.sounddriver.asm:365-393
803	978	27	2	0x71D12	0x6A06	220408	2618	0x71D1A	70	branch	taken	control_flow	FMDoNext@s1.sounddriver.asm:365-393
804	978	27	2	0x71D1A	0x4EBA	220478	2618	0x71D40	126	call	target=0x71D40	control_flow	FMDoNext@s1.sounddriver.asm:365-393
805	978	27	2	0x71D40	0x1005	220604	2618	0x71D42	28	linear	n/a	ordinary	SetDuration@s1.sounddriver.asm:410-426
806	978	27	2	0x71D42	0x122D	220632	2618	0x71D46	84	linear	n/a	ordinary	SetDuration@s1.sounddriver.asm:410-426
807	978	27	2	0x71D46	0x5301	220716	2618	0x71D48	28	linear	n/a	ordinary	SetDuration@s1.sounddriver.asm:410-426
808	978	27	2	0x71D48	0x6704	220744	2618	0x71D4E	70	branch	taken	control_flow	SetDuration@s1.sounddriver.asm:410-426
809	978	27	2	0x71D4E	0x1B40	220814	2618	0x71D52	98	linear	n/a	ordinary	SetDuration@s1.sounddriver.asm:410-426
810	978	27	2	0x71D52	0x1B40	220912	2632	0x71D56	84	linear	n/a	ordinary	SetDuration@s1.sounddriver.asm:410-426
811	978	27	2	0x71D56	0x4E75	220996	2632	0x71D1E	112	return	target=0x71D1E	control_flow	SetDuration@s1.sounddriver.asm:410-426
812	978	27	2	0x71D1E	0x6000	221108	2632	0x71D60	70	branch	target=0x71D60	control_flow	FMDoNext@s1.sounddriver.asm:365-393
813	978	27	2	0x71D60	0x2B4C	221178	2632	0x71D64	112	linear	n/a	ordinary	FinishTrackUpdate@s1.sounddriver.asm:435-456
814	978	27	2	0x71D64	0x1B6D	221290	2632	0x71D6A	140	linear	n/a	ordinary	FinishTrackUpdate@s1.sounddriver.asm:435-456
815	978	27	2	0x71D6A	0x0815	221430	2632	0x71D6E	84	linear	n/a	ordinary	FinishTrackUpdate@s1.sounddriver.asm:435-456
816	978	27	2	0x71D6E	0x662C	221514	2632	0x71D70	56	branch	not_taken	control_flow	FinishTrackUpdate@s1.sounddriver.asm:435-456
817	978	27	2	0x71D70	0x1B6D	221570	2632	0x71D76	140	linear	n/a	ordinary	FinishTrackUpdate@s1.sounddriver.asm:435-456
818	978	27	2	0x71D76	0x422D	221710	2632	0x71D7A	126	linear	n/a	ordinary	FinishTrackUpdate@s1.sounddriver.asm:435-456
819	978	27	2	0x71D7A	0x0815	221836	2646	0x71D7E	84	linear	n/a	ordinary	FinishTrackUpdate@s1.sounddriver.asm:435-456
820	978	27	2	0x71D7E	0x671C	221920	2646	0x71D9C	70	branch	taken	control_flow	FinishTrackUpdate@s1.sounddriver.asm:435-456
821	978	27	2	0x71D9C	0x4E75	221990	2646	0x71CD8	112	return	target=0x71CD8	control_flow	FinishTrackUpdate@s1.sounddriver.asm:435-456
822	978	27	2	0x71CD8	0x4EBA	222102	2646	0x71E18	126	call	target=0x71E18	control_flow	FMUpdateTrack@s1.sounddriver.asm:348-362
823	978	27	2	0x71E18	0x0815	222228	2646	0x71E1C	84	linear	n/a	ordinary	FMPrepareNote@s1.sounddriver.asm:523-529
824	978	27	2	0x71E1C	0x662A	222312	2646	0x71E1E	56	branch	not_taken	control_flow	FMPrepareNote@s1.sounddriver.asm:523-529
825	978	27	2	0x71E1E	0x3C2D	222368	2646	0x71E22	84	linear	n/a	ordinary	FMPrepareNote@s1.sounddriver.asm:523-529
826	978	27	2	0x71E22	0x6726	222452	2646	0x71E24	56	branch	not_taken	control_flow	FMPrepareNote@s1.sounddriver.asm:523-529
827	978	27	2	0x71E24	0x102D	222508	2646	0x71E28	84	linear	n/a	ordinary	FMUpdateFreq@s1.sounddriver.asm:529-545
828	978	27	2	0x71E28	0x4880	222592	2646	0x71E2A	28	linear	n/a	ordinary	FMUpdateFreq@s1.sounddriver.asm:529-545
829	978	27	2	0x71E2A	0xDC40	222620	2646	0x71E2C	42	linear	n/a	ordinary	FMUpdateFreq@s1.sounddriver.asm:529-545
830	978	27	2	0x71E2C	0x0815	222662	2660	0x71E30	84	linear	n/a	ordinary	FMUpdateFreq@s1.sounddriver.asm:529-545
831	978	27	2	0x71E30	0x6616	222746	2660	0x71E32	56	branch	not_taken	control_flow	FMUpdateFreq@s1.sounddriver.asm:529-545
832	978	27	2	0x71E32	0x3206	222802	2660	0x71E34	28	linear	n/a	ordinary	FMUpdateFreq@s1.sounddriver.asm:529-545
833	978	27	2	0x71E34	0xE049	222830	2660	0x71E36	154	linear	n/a	ordinary	FMUpdateFreq@s1.sounddriver.asm:529-545
834	978	27	2	0x71E36	0x103C	222984	2660	0x71E3A	56	linear	n/a	ordinary	FMUpdateFreq@s1.sounddriver.asm:529-545
835	978	27	2	0x71E3A	0x4EBA	223040	2660	0x72722	126	call	target=0x72722	control_flow	FMUpdateFreq@s1.sounddriver.asm:529-545
836	978	27	2	0x72722	0x082D	223166	2660	0x72728	112	linear	n/a	ordinary	WriteFMIorII@s1.sounddriver.asm:1712-1717
837	978	27	2	0x72728	0x6630	223278	2660	0x7275A	70	branch	taken	control_flow	WriteFMIorII@s1.sounddriver.asm:1712-1717
838	978	27	2	0x7275A	0x142D	223348	2660	0x7275E	84	linear	n/a	ordinary	WriteFMIIPart@s1.sounddriver.asm:1745-1750
839	978	27	2	0x7275E	0x0882	223432	2660	0x72762	84	linear	n/a	ordinary	WriteFMIIPart@s1.sounddriver.asm:1745-1750
840	978	27	2	0x72762	0xD002	223516	2660	0x72764	42	linear	n/a	ordinary	WriteFMIIPart@s1.sounddriver.asm:1745-1750
841	978	27	2	0x72764	0x1439	223558	2674	0x7276A	119	linear	n/a	ordinary,busy_poll	WriteFMII@s1.sounddriver.asm:1752-1769
842	978	27	2	0x7276A	0x0802	223677	2674	0x7276E	70	linear	n/a	ordinary,busy_poll	WriteFMII@s1.sounddriver.asm:1752-1769
843	978	27	2	0x7276E	0x66F4	223747	2674	0x72770	56	branch	not_taken	control_flow	WriteFMII@s1.sounddriver.asm:1752-1769
844	978	27	2	0x72770	0x13C0	223803	2674	0x72776	119	linear	n/a	ordinary	WriteFMII@s1.sounddriver.asm:1752-1769
845	978	27	2	0x72776	0x4E71	223922	2674	0x72778	28	linear	n/a	ordinary	WriteFMII@s1.sounddriver.asm:1752-1769
846	978	27	2	0x72778	0x4E71	223950	2674	0x7277A	28	linear	n/a	ordinary	WriteFMII@s1.sounddriver.asm:1752-1769
847	978	27	2	0x7277A	0x4E71	223978	2674	0x7277C	28	linear	n/a	ordinary	WriteFMII@s1.sounddriver.asm:1752-1769
848	978	27	2	0x7277C	0x1439	224006	2674	0x72782	119	linear	n/a	ordinary,busy_poll	WriteFMII@s1.sounddriver.asm:1752-1769
849	978	27	2	0x72782	0x0802	224125	2674	0x72786	70	linear	n/a	ordinary,busy_poll	WriteFMII@s1.sounddriver.asm:1752-1769
850	978	27	2	0x72786	0x66F4	224195	2674	0x72788	56	branch	not_taken	control_flow,busy_poll	WriteFMII@s1.sounddriver.asm:1752-1769
851	978	27	2	0x72788	0x13C1	224251	2674	0x7278E	119	linear	n/a	ordinary,ym_write	WriteFMII@s1.sounddriver.asm:1752-1769
852	978	28	2	0x7278E	0x4E75	224370	2674	0x71E3E	112	return	target=0x71E3E	control_flow	WriteFMII@s1.sounddriver.asm:1752-1769
853	978	28	2	0x71E3E	0x1206	224482	2674	0x71E40	42	linear	n/a	ordinary	FMUpdateFreq@s1.sounddriver.asm:529-545
854	978	28	2	0x71E40	0x103C	224524	2688	0x71E44	56	linear	n/a	ordinary	FMUpdateFreq@s1.sounddriver.asm:529-545
855	978	28	2	0x71E44	0x4EBA	224580	2688	0x72722	126	call	target=0x72722	control_flow	FMUpdateFreq@s1.sounddriver.asm:529-545
856	978	28	2	0x72722	0x082D	224706	2688	0x72728	112	linear	n/a	ordinary	WriteFMIorII@s1.sounddriver.asm:1712-1717
857	978	28	2	0x72728	0x6630	224818	2688	0x7275A	70	branch	taken	control_flow	WriteFMIorII@s1.sounddriver.asm:1712-1717
858	978	28	2	0x7275A	0x142D	224888	2688	0x7275E	84	linear	n/a	ordinary	WriteFMIIPart@s1.sounddriver.asm:1745-1750
859	978	28	2	0x7275E	0x0882	224972	2688	0x72762	84	linear	n/a	ordinary	WriteFMIIPart@s1.sounddriver.asm:1745-1750
860	978	28	2	0x72762	0xD002	225056	2688	0x72764	28	linear	n/a	ordinary	WriteFMIIPart@s1.sounddriver.asm:1745-1750
861	978	28	2	0x72764	0x1439	225084	2688	0x7276A	119	linear	n/a	ordinary,busy_poll	WriteFMII@s1.sounddriver.asm:1752-1769
862	978	28	2	0x7276A	0x0802	225203	2688	0x7276E	70	linear	n/a	ordinary,busy_poll	WriteFMII@s1.sounddriver.asm:1752-1769
863	978	28	2	0x7276E	0x66F4	225273	2688	0x72764	70	branch	taken	control_flow	WriteFMII@s1.sounddriver.asm:1752-1769
864	978	28	2	0x72764	0x1439	225343	2688	0x7276A	119	linear	n/a	ordinary,busy_poll	WriteFMII@s1.sounddriver.asm:1752-1769
865	978	28	2	0x7276A	0x0802	225462	2688	0x7276E	84	linear	n/a	ordinary,busy_poll	WriteFMII@s1.sounddriver.asm:1752-1769
866	978	28	2	0x7276E	0x66F4	225546	2702	0x72764	70	branch	taken	control_flow	WriteFMII@s1.sounddriver.asm:1752-1769
867	978	28	2	0x72764	0x1439	225616	2702	0x7276A	119	linear	n/a	ordinary,busy_poll	WriteFMII@s1.sounddriver.asm:1752-1769
868	978	28	2	0x7276A	0x0802	225735	2702	0x7276E	70	linear	n/a	ordinary,busy_poll	WriteFMII@s1.sounddriver.asm:1752-1769
869	978	28	2	0x7276E	0x66F4	225805	2702	0x72764	70	branch	taken	control_flow	WriteFMII@s1.sounddriver.asm:1752-1769
870	978	28	2	0x72764	0x1439	225875	2702	0x7276A	119	linear	n/a	ordinary,busy_poll	WriteFMII@s1.sounddriver.asm:1752-1769
871	978	28	2	0x7276A	0x0802	225994	2702	0x7276E	70	linear	n/a	ordinary,busy_poll	WriteFMII@s1.sounddriver.asm:1752-1769
872	978	28	2	0x7276E	0x66F4	226064	2702	0x72770	56	branch	not_taken	control_flow	WriteFMII@s1.sounddriver.asm:1752-1769
873	978	28	2	0x72770	0x13C0	226120	2702	0x72776	119	linear	n/a	ordinary	WriteFMII@s1.sounddriver.asm:1752-1769
874	978	28	2	0x72776	0x4E71	226239	2702	0x72778	28	linear	n/a	ordinary	WriteFMII@s1.sounddriver.asm:1752-1769
875	978	28	2	0x72778	0x4E71	226267	2702	0x7277A	28	linear	n/a	ordinary	WriteFMII@s1.sounddriver.asm:1752-1769
876	978	28	2	0x7277A	0x4E71	226295	2702	0x7277C	28	linear	n/a	ordinary	WriteFMII@s1.sounddriver.asm:1752-1769
877	978	28	2	0x7277C	0x1439	226323	2702	0x72782	119	linear	n/a	ordinary,busy_poll	WriteFMII@s1.sounddriver.asm:1752-1769
878	978	28	2	0x72782	0x0802	226442	2702	0x72786	84	linear	n/a	ordinary,busy_poll	WriteFMII@s1.sounddriver.asm:1752-1769
879	978	28	2	0x72786	0x66F4	226526	2716	0x72788	56	branch	not_taken	control_flow,busy_poll	WriteFMII@s1.sounddriver.asm:1752-1769
880	978	28	2	0x72788	0x13C1	226582	2716	0x7278E	119	linear	n/a	ordinary,ym_write	WriteFMII@s1.sounddriver.asm:1752-1769
881	978	29	2	0x7278E	0x4E75	226701	2716	0x71E48	112	return	target=0x71E48	control_flow	WriteFMII@s1.sounddriver.asm:1752-1769
882	978	29	2	0x71E48	0x4E75	226813	2716	0x71CDC	112	return	target=0x71CDC	control_flow	FMUpdateFreq@s1.sounddriver.asm:529-545
883	978	29	2	0x71CDC	0x6000	226925	2716	0x726E2	70	branch	target=0x726E2	control_flow	FMUpdateTrack@s1.sounddriver.asm:348-362
884	978	29	2	0x726E2	0x0815	226995	2716	0x726E6	84	linear	n/a	ordinary	FMNoteOn@s1.sounddriver.asm:1667-1680
885	978	29	2	0x726E6	0x6614	227079	2716	0x726E8	56	branch	not_taken	control_flow	FMNoteOn@s1.sounddriver.asm:1667-1680
886	978	29	2	0x726E8	0x0815	227135	2716	0x726EC	84	linear	n/a	ordinary	FMNoteOn@s1.sounddriver.asm:1667-1680
887	978	29	2	0x726EC	0x660E	227219	2716	0x726EE	56	branch	not_taken	control_flow	FMNoteOn@s1.sounddriver.asm:1667-1680
888	978	29	2	0x726EE	0x7028	227275	2716	0x726F0	28	linear	n/a	ordinary	FMNoteOn@s1.sounddriver.asm:1667-1680
889	978	29	2	0x726F0	0x122D	227303	2716	0x726F4	84	linear	n/a	ordinary	FMNoteOn@s1.sounddriver.asm:1667-1680
890	978	29	2	0x726F4	0x0001	227387	2716	0x726F8	70	linear	n/a	ordinary	FMNoteOn@s1.sounddriver.asm:1667-1680
891	978	29	2	0x726F8	0x6000	227457	2730	0x7272E	70	branch	target=0x7272E	control_flow	FMNoteOn@s1.sounddriver.asm:1667-1680
892	978	29	2	0x7272E	0x1439	227527	2730	0x72734	119	linear	n/a	ordinary,busy_poll	WriteFMI@s1.sounddriver.asm:1725-1742
893	978	29	2	0x72734	0x0802	227646	2730	0x72738	70	linear	n/a	ordinary,busy_poll	WriteFMI@s1.sounddriver.asm:1725-1742
894	978	29	2	0x72738	0x66F4	227716	2730	0x7272E	70	branch	taken	control_flow	WriteFMI@s1.sounddriver.asm:1725-1742
895	978	29	2	0x7272E	0x1439	227786	2730	0x72734	119	linear	n/a	ordinary,busy_poll	WriteFMI@s1.sounddriver.asm:1725-1742
896	978	29	2	0x72734	0x0802	227905	2730	0x72738	70	linear	n/a	ordinary,busy_poll	WriteFMI@s1.sounddriver.asm:1725-1742
897	978	29	2	0x72738	0x66F4	227975	2730	0x7272E	70	branch	taken	control_flow	WriteFMI@s1.sounddriver.asm:1725-1742
898	978	29	2	0x7272E	0x1439	228045	2730	0x72734	119	linear	n/a	ordinary,busy_poll	WriteFMI@s1.sounddriver.asm:1725-1742
899	978	29	2	0x72734	0x0802	228164	2730	0x72738	70	linear	n/a	ordinary,busy_poll	WriteFMI@s1.sounddriver.asm:1725-1742
900	978	29	2	0x72738	0x66F4	228234	2730	0x7273A	56	branch	not_taken	control_flow	WriteFMI@s1.sounddriver.asm:1725-1742
901	978	29	2	0x7273A	0x13C0	228290	2730	0x72740	133	linear	n/a	ordinary	WriteFMI@s1.sounddriver.asm:1725-1742
902	978	29	2	0x72740	0x4E71	228423	2744	0x72742	28	linear	n/a	ordinary	WriteFMI@s1.sounddriver.asm:1725-1742
903	978	29	2	0x72742	0x4E71	228451	2744	0x72744	28	linear	n/a	ordinary	WriteFMI@s1.sounddriver.asm:1725-1742
904	978	29	2	0x72744	0x4E71	228479	2744	0x72746	28	linear	n/a	ordinary	WriteFMI@s1.sounddriver.asm:1725-1742
905	978	29	2	0x72746	0x1439	228507	2744	0x7274C	119	linear	n/a	ordinary,busy_poll	WriteFMI@s1.sounddriver.asm:1725-1742
906	978	29	2	0x7274C	0x0802	228626	2744	0x72750	70	linear	n/a	ordinary,busy_poll	WriteFMI@s1.sounddriver.asm:1725-1742
907	978	29	2	0x72750	0x66F4	228696	2744	0x72752	56	branch	not_taken	control_flow,busy_poll	WriteFMI@s1.sounddriver.asm:1725-1742
908	978	29	2	0x72752	0x13C1	228752	2744	key_on	key_on	linear	n/a	ordinary,ym_write	WriteFMI@s1.sounddriver.asm:1725-1742
